broad_no,broad_title,user_id,user_nick,view_cnt,broad_start,hash_tags,captured_at_utc,platform,category_no
287512114,날씨의 아이 각자 다른 관점 독후감 읽어보자,inehine,아이네♪,5810,2025-09-14 15:52:59.0,"['이세계아이돌', '아이네', '이세돌', '갑노부', '데친숙주나물']",2025-09-14T10:18:23Z,soop,00810000
287507642,6시 버컴친해지길바래~,danchu17,단츄♪,2849,2025-09-14 12:55:57.0,[],2025-09-14T10:18:23Z,soop,00810000
287515314,[하데스] 버총회 못 본 눈,singgyul,띵귤_,2708,2025-09-14 17:57:47.0,"['노래', '음악', '버츄얼', '하데스']",2025-09-14T10:18:23Z,soop,00810000
287515290,8시) 롤 격겜 대회 참가~!!! (w. 비챤!),cotton1217,주르르,2600,2025-09-14 17:57:24.0,"['이세계아이돌', '르르땅', '왁타버스', '우왁굳', '주르르']",2025-09-14T10:18:23Z,soop,00810000
287514926,8시) 2XKO 우승상금 천마넌,viichan6,비챤,2488,2025-09-14 17:45:05.0,"['이세계아이돌', '비챤']",2025-09-14T10:18:23Z,soop,00810000
287514948,[강씨세가] 강만식 잘봤다 제카 이제 내차례구나,rkdakstlr911,강만식,1145,2025-09-14 17:46:07.0,[],2025-09-14T10:18:23Z,soop,00810000
287513868,[도파민] 버컴 멤버들과 익명카톡,nmangoquince,망구랑,1033,2025-09-14 17:00:55.0,"['버츄얼', '킹냥이', '캬앙', '도파민', '버컴']",2025-09-14T10:18:23Z,soop,00810000
287513988,[버컴]🌿친해지길 바래 ㅋㅋ 앞담갈게요,qweasd3456,바밍_,745,2025-09-14 17:05:20.0,"['밍바오', '종합게임', '라이브', '버츄얼', '버컴']",2025-09-14T10:18:23Z,soop,00810000
287515298,[버육대] 머독팀 미르으ㅡ,alice427,미르_MIR,705,2025-09-14 17:57:35.0,"['버튜버', '노래', '종겜스', '종합게임']",2025-09-14T10:18:23Z,soop,00810000
287513870,8시) 2XKO 대회 w. 지피티,mygomiee,마이곰이_,678,2025-09-14 17:01:02.0,[],2025-09-14T10:18:23Z,soop,00810000
287511690,브이알챗에서 컨텐츠 아이디어 받습니다,jey422,뢴트게늄,671,2025-09-14 15:33:22.0,"['왁타버스', '고멤', '뢴트게늄', '이세돌매니저']",2025-09-14T10:18:23Z,soop,00810000
287510668,징버거x코렛트x나나문 wasd 켠왕 !?!?! [수니그룹 게임즈],tleod1818,빙밍_,660,2025-09-14 15:00:16.0,"['빙밍', '버츄얼', '버튜버', '브끙', '방망']",2025-09-14T10:18:23Z,soop,00810000
287515078,🎀 버컴 친해지길 바래 🎀,honeys2,니니♥♥♥,540,2025-09-14 17:51:02.0,"['종합게임', '버츄얼', '버추얼', '김갑룡', '버컴']",2025-09-14T10:18:23Z,soop,00810000
287512186,🌱｜[하데스] 후열,whatcherry4,연초록♪,512,2025-09-14 15:55:24.0,"['뉴걸', '노래', '소통', '음색', '하데스']",2025-09-14T10:18:23Z,soop,00810000
287511420,4시) 💛징버거💛x나나문x빙밍x보라색남자 wasd 켠왕 레쓰고,nanamoon777,나나문,443,2025-09-14 15:24:47.0,"['버츄얼', '노래', '섹시', '핫걸']",2025-09-14T10:18:23Z,soop,00810000
287517526,하이룽,nangnan,깐숙,403,2025-09-14 19:04:41.0,"['버추얼', '롤']",2025-09-14T10:18:23Z,soop,00810000
287508450,버육대연습 / 악성코드,bboringirl,뽀린걸,386,2025-09-14 13:31:17.0,"['버추얼', '뽀린걸', '배그', '앙증', '섹시']",2025-09-14T10:18:23Z,soop,00810000
287513014,단츄 - 버컴 친해지길바래 [버컴],cctvno,유연서,342,2025-09-14 16:30:08.0,[],2025-09-14T10:18:23Z,soop,00810000
287505772,[수니그룹][버니문] 6시. 버니문 멤버 궁합&amp;신점보기 (w.버니문+수연당),bibitrue,비쥬_,329,2025-09-14 11:00:26.0,"['비쥬', '모슈', '성악', '수니그룹', '버니문']",2025-09-14T10:18:23Z,soop,00810000
287507206,아이돌이 되어봤는데 사생팬이 붙었네요??,htvv2i,햇비,316,2025-09-14 12:30:58.0,"['버튜버', '노래']",2025-09-14T10:18:23Z,soop,00810000
287515420,💜 수니그룹 나무위키 뜯어먹기 [수니그룹/버니문] [비정규직],tinkerblond,더빙레이디♥,313,2025-09-14 18:00:04.0,"['무레이블', '괴마을금고', '수니그룹', '버니문', '비정규직']",2025-09-14T10:18:23Z,soop,00810000
287511948,🦇 [릴파팀] 짧은 연습..!,calinya,카린야,291,2025-09-14 15:45:48.0,"['천마', '버츄얼']",2025-09-14T10:18:23Z,soop,00810000
287512284,[블리즈] 💙날씨의 아이 보면 혼나겠띠!? 버육대 연습해요 [Last Hope 발매 많관부],eze1017,윤이제,276,2025-09-14 15:59:37.0,"['블리즈', '버추얼']",2025-09-14T10:18:23Z,soop,00810000
287513814,버컴 친해지길 바래 ^ㅇ^ [버컴][종달새],yeveee,유설아♡,254,2025-09-14 17:00:10.0,[],2025-09-14T10:18:23Z,soop,00810000
287510700,밥 냠냠,beadyo97,구슬요,251,2025-09-14 15:00:41.0,"['구슬요', '감나무', '개모임']",2025-09-14T10:18:23Z,soop,00810000
287511216,[버컴] 버컴 익명카톡 콘텐츠  !멤버,0e0e4e,키이세,227,2025-09-14 15:15:57.0,"['키이세', '아니고', '키위새', '버컴']",2025-09-14T10:18:23Z,soop,00810000
287509086,언틸던 제작사 스토리 공포 게임 더 쿼리,hye11u,베베리,221,2025-09-14 14:00:41.0,"['베베리', '버추얼', '버튜버', '햄스터']",2025-09-14T10:18:23Z,soop,00810000
287516854,시에,sie4yu,유시에,217,2025-09-14 18:48:21.0,['버츄얼'],2025-09-14T10:18:23Z,soop,00810000
287516134,"[아카이브]버육대 비챤팀 말복 하마, 연습하다가 9시에 팀응원가 만들기",beemong,비몽ㆍ,214,2025-09-14 18:22:32.0,"['노래', '버튜버', '아카이브']",2025-09-14T10:18:23Z,soop,00810000
287513852,치파오 풀트💙 다시보기X / 캐치 클립 적발시 블랙,quokka1228,김쿼카_,209,2025-09-14 17:00:32.0,['지력사무소'],2025-09-14T10:18:23Z,soop,00810000
287517296,[결속!] 모카에용,mocamu2,모카:b,208,2025-09-14 19:00:33.0,"['뉴걸', '버추얼', '노래', '메이플', '모카']",2025-09-14T10:18:23Z,soop,00810000
287511494,[일본인] 버니문 이대로 괜찮은가 타로신점 | 수니그룹 버니문 💜,k0roshi,시로코♬,197,2025-09-14 15:26:44.0,"['일본인', '시로코', '노래', '수니그룹', '버니문']",2025-09-14T10:18:23Z,soop,00810000
287512274,[플랜비] 잠시 노래방,navixx,나비,160,2025-09-14 15:59:26.0,"['노래', '나비', '플랜비']",2025-09-14T10:18:23Z,soop,00810000
287511608,히히.. 히나쨩..,9mogu9,모구구,151,2025-09-14 15:30:54.0,"['버튜버', '블루점프', '버추얼', '버츄얼', '모칠칠']",2025-09-14T10:18:23Z,soop,00810000
287512082,아주 그냥 시원하게!,madaomm,마다옴_,149,2025-09-14 15:51:59.0,"['마다옴', '버튜버', '일본', '버추얼']",2025-09-14T10:18:23Z,soop,00810000
287517622,[조적단] 10등 안에만 들어보자,yjkim5500,조디악악악,138,2025-09-14 19:07:05.0,[],2025-09-14T10:18:23Z,soop,00810000
287514148,[수니그룹/버니문] 비쥬랑 타로/신점 보기  :♩   ,chur1004,츄르CHUR,125,2025-09-14 17:13:20.0,"['노래', '버추얼', '츄르']",2025-09-14T10:18:23Z,soop,00810000
287507720,[베이블루] 7일차 너 없으면 나 뭐 돼?,ausdurfurwpf,루첼_,120,2025-09-14 12:59:17.0,"['버츄얼', '뉴걸', '베이블루', '젊탱버']",2025-09-14T10:18:23Z,soop,00810000
287509792,[플랜비] 이봤이나 털자,s07o24,송밤,116,2025-09-14 14:29:44.0,"['랩', '송밤', '플랜비', '버츄얼']",2025-09-14T10:18:23Z,soop,00810000
287516600,오늘 뭐하지,mingturn97,밍턴_,107,2025-09-14 18:39:34.0,"['공주', '노래', '버추얼', '틈새시장']",2025-09-14T10:18:23Z,soop,00810000
287517156,[고래상사] 부사수에게 배그 피드백 받아요 w. 이지수,soyoung6056,빡쏘,107,2025-09-14 18:57:39.0,"['소통', '뉴걸']",2025-09-14T10:18:23Z,soop,00810000
287515492,8시) 저드컵 DAY2 마지막날 전 카페보기,qw794,제이404,105,2025-09-14 18:00:59.0,"['제이', '노래', '버추얼', '멜론대가리']",2025-09-14T10:18:23Z,soop,00810000
287511758,[도파민]카페탐방,kyaang123,캬앙,96,2025-09-14 15:37:01.0,"['도파민', '노래', '바닐라만두', '고미식', '소통']",2025-09-14T10:18:23Z,soop,00810000
287511718,[플랜비 연습생] 연이봤!,9wang2,크앙희,92,2025-09-14 15:34:55.0,"['뉴걸', '노래', '게임', '소통', '버츄얼']",2025-09-14T10:18:23Z,soop,00810000
287516472,8시 춘동아리 면접 시작합니다.,chunbongtv,춘봉_,91,2025-09-14 18:35:11.0,['춘봉'],2025-09-14T10:18:23Z,soop,00810000
287508388,[베이블루] 뉴걸 합방끝.. 배고파용.....,peperopero55,나노×,88,2025-09-14 13:28:46.0,"['버추얼', '베이블루', '뉴걸', '버츄얼', '나노']",2025-09-14T10:18:23Z,soop,00810000
287517062,노래의 헤스가 왔쟈나 🎤,utahessx33,헤스,85,2025-09-14 18:55:08.0,"['노래', '버츄얼', '시끄러움', '헤스', '브이레코드']",2025-09-14T10:18:23Z,soop,00810000
287507744,ㅎㅎㅎㅎㅎㅎㅎㅎㅎㅎㅎㅎㅎㅎㅎㅎㅎㅎㅎㅎㅎ,hachi97,하치_HACHI,85,2025-09-14 13:00:13.0,"['버튜버', '버추얼', '종합게임', '아이작', '꼬라지']",2025-09-14T10:18:23Z,soop,00810000
287510384,[도파민] ㅅ1발 노래방,sa5791,킹냥이_,84,2025-09-14 14:52:54.0,"['버츄얼', '망구랑', '캬앙', '썩겜동']",2025-09-14T10:18:23Z,soop,00810000
287513890,커피...먹을까...말까....,doormomo,문모모,83,2025-09-14 17:01:42.0,"['블리즈', '버츄얼', '게임', '5090']",2025-09-14T10:18:23Z,soop,00810000
287510676,[버컴 | 종달새] 원신 공월의 노래 제 1막 밉니다. 호요버스 사랑단 착석 부탁드립니다.,yoonesaem,윤이샘,77,2025-09-14 15:00:23.0,"['윤이샘', '종달새', '버컴']",2025-09-14T10:18:23Z,soop,00810000
287510672,2부 공포게임 고독방송! ㅇㅎㅎ,usharko0o0,유샥크,75,2025-09-14 15:00:22.0,"['말랑', '상어', '유샥크']",2025-09-14T10:18:23Z,soop,00810000
287516222,[괴식] 대창에 생크림 찍어먹기 (김치 한조각),vrecordyunon,유논,71,2025-09-14 18:26:38.0,"['브이레코드', '이적', 'ASMR']",2025-09-14T10:18:23Z,soop,00810000
287511332,[플랜비 연습생] 플랜비 러스트 서버 찍먹,ch1ch1r0,찌로_,69,2025-09-14 15:20:43.0,"['버튜버', '신입', '버추얼', '뉴걸', '마이주']",2025-09-14T10:18:23Z,soop,00810000
287507758,[지력사무소] 오늘저녁은스시,meuuu3,메루♪,68,2025-09-14 13:00:22.0,"['지력사무소', '버추얼']",2025-09-14T10:18:23Z,soop,00810000
287507772,[뻐스시간] 여캠 리액션 풀트로 배우기,singu64,싱유,67,2025-09-14 13:00:38.0,"['뻐스시간', '버추얼', '지력사무소', '소통', '지피티']",2025-09-14T10:18:23Z,soop,00810000
287513842,[고래상사] 안녕하새우:D 빡소 사수님 피드백 한스푼 선물 해드리기,xpdpfv2,이지수^^*,65,2025-09-14 17:00:29.0,"['봉황', '바람의나라클래식', '봉준', '버추얼', '고래상사']",2025-09-14T10:18:23Z,soop,00810000
287506412,서이봤!!! 9시 합방  /ᐠ - ˕ -マ Ⳋ  🐟🍀,seoring2,서링,64,2025-09-14 11:44:34.0,"['뉴걸', '홍신소']",2025-09-14T10:18:23Z,soop,00810000
287509868,날씨의아이 다봤당!💕,vlupsitry,시트리,63,2025-09-14 14:32:28.0,"['VLUP', '종합게임', '버츄얼', '모비노기', '엘밤통']",2025-09-14T10:18:23Z,soop,00810000
287509008,날씨의아이 후기,kirababy2,유키라,61,2025-09-14 13:58:37.0,"['버츄얼', '버추얼', '사신']",2025-09-14T10:18:23Z,soop,00810000
287517334,좋은 저녁!!   [버컴],yjw5067,봄세이,60,2025-09-14 19:00:58.0,"['봄세이', '버츄얼', '라디오']",2025-09-14T10:18:23Z,soop,00810000
287511442,소통,swideh,스위데,59,2025-09-14 15:25:25.0,"['스뎅', '스북', '노래']",2025-09-14T10:18:23Z,soop,00810000
287512332,종겜핀볼합니다 어떤 게임이든 환영 ^-^;; [브이리지],vllagesasha,사샤ㆍ,58,2025-09-14 16:00:31.0,"['버튜버', '이적생', '브이리지', '소통', '힐링']",2025-09-14T10:18:23Z,soop,00810000
287515326,[베이블루 / 뉴걸] 2번째 동화요정 등장 예정!,noonyo,눈요,56,2025-09-14 17:58:01.0,"['버츄얼', '베이블루', '뉴걸', '신입', '동화']",2025-09-14T10:18:23Z,soop,00810000
287510728,[결속!] 날씨의 아이 본?눈 다람쥐랑 바요!,myang0315,솜먕,56,2025-09-14 15:00:57.0,"['버츄얼', '노래', '결속아이돌', '다람쥐', '버갈통']",2025-09-14T10:18:23Z,soop,00810000
287515082,나무닙데이💙🍀ㅣ510개 단컷!,toree0409,토뤼,55,2025-09-14 17:51:09.0,"['버추얼', '노래', '토크', '신입', '뉴걸']",2025-09-14T10:18:23Z,soop,00810000
287515084,[LAC] Hz엔터 까꿍팀장,odoeun,쨈도은,55,2025-09-14 17:51:17.0,"['버츄얼', '이적', '뉴걸']",2025-09-14T10:18:23Z,soop,00810000
287511610,안니양 [아카이브],owozzz,샤르망,54,2025-09-14 15:30:54.0,"['노래', '아카이브']",2025-09-14T10:18:23Z,soop,00810000
287510738,제이팝 월드컵 64강,kawa11az,아즈!,53,2025-09-14 15:01:02.0,"['뉴걸', '버추얼', '여고생', 'ㄱㅇㅇ', '손캠']",2025-09-14T10:18:23Z,soop,00810000
287513844,[뉴걸] 미코가 와써  🎀 마친다서버 UP 부탁드립니다 [33/125/330 연차 11번],youxhh,미코!,52,2025-09-14 17:00:29.0,"['버추얼', '버츄얼', '뉴걸', '소통', '룰렛']",2025-09-14T10:18:23Z,soop,00810000
287516424,[고래상사]8시) 파인딩 프랭키 귀여운 장난감이랑 노는 게임이래요,dmng50,빵땅콩,48,2025-09-14 18:33:07.0,"['버츄얼', '종합게임', '뉴걸', '고래상사']",2025-09-14T10:18:23Z,soop,00810000
287293978,종겜핀볼타기!!!!!,dduduji,두두지!,46,2025-09-06 19:00:05.0,"['버츄얼', '버튜버', '신입']",2025-09-14T10:18:23Z,soop,00810000
287507680,[지력사무소] 지력 그림그리기,xex3,목츄리,44,2025-09-14 12:57:49.0,"['마병대2', '버추얼', '지력사무소']",2025-09-14T10:18:23Z,soop,00810000
287510606,결국 창내버렸습니다..,siioyeyo,시오∋,42,2025-09-14 14:59:38.0,"['브이레코드', '종합게임', '종겜', '버추얼', '버튜버']",2025-09-14T10:18:23Z,soop,00810000
287506246,[버인협회] 점호 1일 🌱 배그,ruringruming,하링!,42,2025-09-14 11:31:43.0,"['버인협회', '감드컵', '울치원', '감자', '뉴걸']",2025-09-14T10:18:23Z,soop,00810000
287510376,[고래상사]💙가을은 언제 옵니까🐸,kimmaren77,김마렌,41,2025-09-14 14:52:37.0,"['종합게임', '깔깔마녀', '소통', '게임', '고래상사']",2025-09-14T10:18:23Z,soop,00810000
287511326,"[꾸한성] 꾸한성 vrc 컨텐츠, 첫인상게임",suupercutie,초귀요미,41,2025-09-14 15:20:21.0,"['노래', '보다보면', '귀여울지도']",2025-09-14T10:18:23Z,soop,00810000
287505800,[뻐스시간/버인협회] WASD 손절게임 (w.소심해/철쑤/강뿌잉),callmeharuby,하루비_,41,2025-09-14 11:01:29.0,"['버튜버', '소통', '버추얼', '버인협회']",2025-09-14T10:18:23Z,soop,00810000
287515748,2XKO 대회 클로이X재수피기,jaesu111,재수피기,40,2025-09-14 18:07:02.0,['버츄얼'],2025-09-14T10:18:23Z,soop,00810000
287512378,[컵켓몬] 포켓몬알못의 2일차 ⚡🔥,kkyren,키렌♬,40,2025-09-14 16:01:42.0,"['버츄얼', '음악', '버추얼', '노래']",2025-09-14T10:18:23Z,soop,00810000
287512342,마슈 왔서요 오느른 오후 뱅송이,saehorshu,해마슈,40,2025-09-14 16:00:49.0,"['버추얼', '토크', '노래', '신입', '성장형버튜버']",2025-09-14T10:18:23Z,soop,00810000
287515472,오이옹이오잉욍오잉오이욍욍욍,50loing,오잉_OING,40,2025-09-14 18:00:39.0,"['엘리브에잇', '오잉', '히키코모리', '댕청미소녀', '아이우에오']",2025-09-14T10:18:23Z,soop,00810000
287510516,[습레기통] 6시 wasd 갑니도,jamyul2,잼율이,39,2025-09-14 14:57:14.0,"['여캠', '뉴걸', '주식', '신입', '버츄얼']",2025-09-14T10:18:23Z,soop,00810000
287509782,[36시간 방송] 습레기통  WASD 내전,khj011219,기찬하,38,2025-09-14 14:29:29.0,"['마병대', '뉴걸', '웤치원', '습레기통']",2025-09-14T10:18:23Z,soop,00810000
287510598,[키치즈] 싱크룸!! (w. 김다나),tochihua,토치와,38,2025-09-14 14:59:29.0,"['키치즈', '외계토끼', '뉴걸', '버튜버']",2025-09-14T10:18:23Z,soop,00810000
287490310,[24시간노방종] 소통노래ㅣ뉴의상 33개 룰렛 330개연차o,tjrghd1202,김다나_,37,2025-09-13 19:53:11.0,"['노래', '뉴걸', '소통', '라이브']",2025-09-14T10:18:23Z,soop,00810000
287509052,[뉴걸] 행복한 일요일 (베스신청했어요 도움!),darklucy,루루시,36,2025-09-14 14:00:07.0,"['신입', '뉴걸', '버튜버', '목소리']",2025-09-14T10:18:23Z,soop,00810000
287509068,"🍞[습레기통] WASD 합빵 (w. 잼율,기찬하,새마요) 대결이 걸어줄 옵항이 구합니당 🧡 33/330룰렛, 확정O",manlebreadtv,_마늘빵_,36,2025-09-14 14:00:19.0,"['게임', '버츄얼', '뉴걸', '버튜버', '마늘빵']",2025-09-14T10:18:23Z,soop,00810000
287510612,[꾸한성] 나랑 놀아줄 사람 !,hyundana,현단아v,35,2025-09-14 14:59:44.0,"['소통', '버튜버', '무멤', '꾸산당', '꾸한성']",2025-09-14T10:18:23Z,soop,00810000
287511672,꾸한성 웇널이 [꾸한성/종달새],land4968,야무지♪,35,2025-09-14 15:32:45.0,[],2025-09-14T10:18:23Z,soop,00810000
287515742,[메르헨] 이료일 디라☁️( ˘͈ ᵕ ˘͈ ) ~✧,dila0107,박디라,34,2025-09-14 18:06:50.0,"['메르헨', '성대미녀', '구름신령', '신입']",2025-09-14T10:18:23Z,soop,00810000
287507416,[버인협회/뉴걸] 배그 후열 소통뱅,hololoolu,차투리,34,2025-09-14 12:41:57.0,"['신입', '뉴걸', '소통', '버인협회']",2025-09-14T10:18:23Z,soop,00810000
287506502,[브이메이드] 후열 소통♥️방셀4개 모으면 으흐흐 추가1🔥33/178룰렛/330/1780연차/700확정,jiand0502,지앤*,34,2025-09-14 11:51:28.0,"['목소리맛집', '브이메이드', '콘텐츠악귀', '뉴걸', '신입']",2025-09-14T10:18:23Z,soop,00810000
287510032,힐링이 조아 로나빌리지 테스터 🌷 l 9월 별별 이벤트,wkho0208,_로티,34,2025-09-14 14:39:33.0,"['노래', '소통', '오스카', '분내신도시', 'BEEF']",2025-09-14T10:18:23Z,soop,00810000
287512308,베스작 | 멀티뷰 남는 한자리만 주세용💚 추천서 이벤트중 [브이메이드],pipinstall,민초희,33,2025-09-14 16:00:12.0,"['버츄얼', '뉴걸', 'ASMR', '목소리', '라디오']",2025-09-14T10:18:23Z,soop,00810000
287514830,닉변빵 핀볼! 💜 선물 ㄷㄷ,sunza1122,포포∀,32,2025-09-14 17:40:23.0,"['버추얼', '신입']",2025-09-14T10:18:23Z,soop,00810000
287516900,[뻐스시간] 8시 춘동아리 면접 봅니다 (띠꾸는 면접관!),ddikku0714,띠꾸♥,32,2025-09-14 18:50:07.0,"['뻐스시간', '마병대', '낮방특공대', '강대물', '블랙핑코']",2025-09-14T10:18:23Z,soop,00810000
287511702,미리 종목 연습하기🪼,qrang513,큐랑,32,2025-09-14 15:34:00.0,"['큐랑', '힐링', '청각장애', '그림', '게임']",2025-09-14T10:18:23Z,soop,00810000
287480724, 💜생일입니다 ^_^💜(1479개 생일 한정방셀!),rud21458,히뚜*,32,2025-09-13 14:01:01.0,"['버츄얼', '뉴걸', '신입']",2025-09-14T10:18:23Z,soop,00810000
287511356,💙 오늘도 하띠하세요!｜New API 59개,yuhatty,유하띠,32,2025-09-14 15:22:08.0,"['버츄얼', '버추얼']",2025-09-14T10:18:23Z,soop,00810000
287515064,[습레기통] WASD 습기 야뿌 도따 란쵸 ,rancho0o,란쵸_,32,2025-09-14 17:50:50.0,"['버츄얼', '여캠', '신입', '습레기통', '가습기']",2025-09-14T10:18:23Z,soop,00810000
287516930,수니그룹 버니문 링구x설채이 2xko 대회 하러 왔습니다..,skfk6612,하나링구,32,2025-09-14 18:51:06.0,"['버튜버', '버츄얼', '버추얼', '노래', '게임']",2025-09-14T10:18:23Z,soop,00810000
287462366,[뉴걸/첨본눈] 산나비 드가쟈!!,bbangbbo0,빵뿌0,32,2025-09-12 20:02:25.0,"['뉴걸', '버츄얼', '신입', '소통', '루키존']",2025-09-14T10:18:23Z,soop,00810000
287508006,너 하나 없다고 내 방송이 망하진 않겠지만 속상은 한 듯 마병대 준비할건데 안오나 [그린캠프],toocat030,또오냥♥,31,2025-09-14 13:10:10.0,"['토크', '그린캠프', '뉴걸']",2025-09-14T10:18:23Z,soop,00810000
287507090,우 우 우 매니악,kr3838,루키아_,31,2025-09-14 12:25:07.0,"['원신', '니케', '미술', '그림', 'INTJ']",2025-09-14T10:18:23Z,soop,00810000
287516114,[습레기통] wasd 내전 대결,o0opha,서라0,31,2025-09-14 18:21:29.0,"['버츄얼', '버추얼', '습레기통']",2025-09-14T10:18:23Z,soop,00810000
287510182,^Hㅎi 밥먹고 좀보이드 들어갑니다. 모솔연애,100snoww,새히,31,2025-09-14 14:45:13.0,"['버추얼', '뉴걸', '소통', '여캠', 'LCK']",2025-09-14T10:18:23Z,soop,00810000
287511628,아픈 사람 아니 고양이,kitschyya,키치,30,2025-09-14 15:31:22.0,"['버추얼', '노래', '토크', '고양이']",2025-09-14T10:18:23Z,soop,00810000
287515498,[뉴걸] 소통해요,jjuppi1022,큐피에요,29,2025-09-14 18:01:04.0,"['버츄얼', '버추얼', '뉴걸']",2025-09-14T10:18:23Z,soop,00810000
287506636,밥먹고 공겜하ㄱㅣ........🩷 방셀룰렛 33개 연차 11회 330,litz0404,리츠_LITZ,29,2025-09-14 11:59:35.0,"['신입', '뉴걸', '소통', '노래', '밥통']",2025-09-14T10:18:23Z,soop,00810000
287515162,주말엔 마요랑 놀아요! 💛 (룰렛 33개),mayozzang,마요네즈♡,29,2025-09-14 17:53:15.0,[],2025-09-14T10:18:23Z,soop,00810000
287512976,[걸즈원 첫 합방] 외국 멤버들과의 체인인더백룸 | 베스도전중 즐찾이 약간 모자라요 ㅜㅜ | 통나무 들어주세요 ㅜㅜ,rapja2025,랩자RAPJA,29,2025-09-14 16:28:11.0,"['뉴걸', '방셀', '룰렛', '걸즈원', '똥겜']",2025-09-14T10:18:23Z,soop,00810000
287510660,[호라이즌] 유입 오면 진짜 잘 해주는 방 / 환영💛,tanilla,타닐라,29,2025-09-14 15:00:15.0,"['소통', '신입', '뉴걸', '버츄얼', '롤']",2025-09-14T10:18:23Z,soop,00810000
287506654,울큰고 부소대장님 시점 마병대2 알아보기  / 방셀 룰렛 33개/330개(11연차),qhrekd77,김복당,28,2025-09-14 12:00:04.0,"['뉴걸', '음악', '노래', '김복당', '복당']",2025-09-14T10:18:23Z,soop,00810000
287510704,[저점매수] 야호,shb0910,아이코_,28,2025-09-14 15:00:44.0,"['무파', '무멤', '저점매수', '여캠']",2025-09-14T10:18:23Z,soop,00810000
287504076,"[버인협회]wasd 우정파괴 합방 (w.철쑤,하루비,강뿌잉",thtlago0607,소심해_,28,2025-09-14 09:00:23.0,"['룰렛', '뉴걸', '신입', '버추얼', '버인협회']",2025-09-14T10:18:23Z,soop,00810000
287512464,[뉴걸] 이혼... 3개월 뒤에 뵙겠습니다의 당일입니다. / 방셀 15퍼 33룰렛 연차300(도전미션),hiyam2411,유상츄,27,2025-09-14 16:03:54.0,"['신입', '컵켓몬', '픽셀몬', '마병대', '잇테익스투']",2025-09-14T10:18:23Z,soop,00810000
287507822,[ 뀨포칼립스 A팀 ] 뀨포칼립스 마지막 날 (｡⌓°꒷꒦,yunion0227,윤이온,26,2025-09-14 13:01:54.0,"['버추얼', '좀보이드']",2025-09-14T10:18:23Z,soop,00810000
287516468,드릴 말씀이 있습니다.. 다시보기X,datil421,문다틸,26,2025-09-14 18:35:08.0,"['뉴걸', '신입', '애교', '아이돌연습생']",2025-09-14T10:18:23Z,soop,00810000
287507626,저드컵2일차입니다 [22/122 방셀룰렛 ],mini1212,린링,26,2025-09-14 12:55:25.0,"['린링', '마크', '마인크래프트', '씨머니', '버인협회']",2025-09-14T10:18:23Z,soop,00810000
287505754,"[습레기통] wasd 쥬졌네!! 손절만은....  //핫 비키니 방셀 9월한정 1452,2852",loveya4860,하루아이,26,2025-09-14 11:00:06.0,"['뉴걸', '버추얼', '노래라이브', '종겜', '소통고민상담']",2025-09-14T10:18:23Z,soop,00810000
287512312,[그린캠프] 유상츄랑 이혼합니다.(잇테익스투) / 마병대3 UP부탁드립니다!,phs6162,찐랑,26,2025-09-14 16:00:14.0,"['버추얼', '종합게임', '소통', '뉴걸', '찐카프리오']",2025-09-14T10:18:23Z,soop,00810000
287517072,하히누,imganzino,히누히누,25,2025-09-14 18:55:23.0,"['뉴걸', '버추얼', '신입', '순혈']",2025-09-14T10:18:23Z,soop,00810000
287509894,후열 💚 / 방셀 1+1 이벤트 ^0^,libre1900,리브레ㆍ,25,2025-09-14 14:34:13.0,"['씨브레', '큐버스', '뉴걸', '신입']",2025-09-14T10:18:23Z,soop,00810000
287517008,좋은 일요일입니댜 마병대3업부탁드립니당🤍33/330룰렛,mnomno55,루디딕,25,2025-09-14 18:53:13.0,"['버추얼', '뉴걸', '소통', '모비노기', '그린캠프']",2025-09-14T10:18:23Z,soop,00810000
287508614,[뉴걸 48일차] 저점매수 하실래용? 너만 오면 400명!,xoxo721,나니닝!,25,2025-09-14 13:40:04.0,"['신입', '뉴걸', '버추얼', '순혈', '소통']",2025-09-14T10:18:23Z,soop,00810000
287515464,[저점매수]내가와써❤️‍,wdh030,엣치쿠_,24,2025-09-14 18:00:30.0,"['롤', '소통', '버추얼', '배그']",2025-09-14T10:18:23Z,soop,00810000
287516912,일찍 온 고냔니 그림 숙제하기 #뇌녹즈,rkdmsrnt,청링고,23,2025-09-14 18:50:34.0,"['버츄얼', '뉴걸', '욕설주의', '방셀', '배그']",2025-09-14T10:18:23Z,soop,00810000
287514720,갑자기 상황극 해주는 여자,sirus2,시루♪,23,2025-09-14 17:35:37.0,"['뉴걸', '시루', '엘리브에잇', '버추얼', '버츄얼']",2025-09-14T10:18:23Z,soop,00810000
287510744,노래방방방방💛,m0gu59,모구,22,2025-09-14 15:01:06.0,"['범퍼크앙', '노래', '그림', '소통', '종겜']",2025-09-14T10:18:23Z,soop,00810000
287515682,눈이 안떠져요,daenggang,댕강,22,2025-09-14 18:05:46.0,"['버튜버', '버추얼', '신입']",2025-09-14T10:18:23Z,soop,00810000
287515508,🍑안녕 나 포린이🍑컵켓몬,jjgod9312,슨미.,22,2025-09-14 18:01:09.0,"['롤', '종합게임', '버추얼']",2025-09-14T10:18:23Z,soop,00810000
287511354,[꾸한성/서말리] 교체혈전 크랩게임! 🧡킬룰렛 많관부🧡,top6373,란다_,22,2025-09-14 15:21:55.0,"['버츄얼', '소통', '종겜', '서말리']",2025-09-14T10:18:23Z,soop,00810000
287509768,[꾸한성] 4시) 꾸한성 첫인상 vrc,y0unggam,영감__,22,2025-09-14 14:28:57.0,"['버추얼', '저챗', '셀링FC', 'FC25']",2025-09-14T10:18:23Z,soop,00810000
287515950,버육대 비챤님팀 코치 취업1일차....일단 선수들 알아보기부터,sircharlee,찰리씨,21,2025-09-14 18:14:25.0,"['버추얼', '격치원']",2025-09-14T10:18:23Z,soop,00810000
287511584,[꾸한성] 첫인상 배설게임 ㅋ.ㅋ 33개 룰렛,tndk321,단수아,21,2025-09-14 15:30:02.0,"['리그오브레전드', '버추얼', '신입', '꾸한성']",2025-09-14T10:18:23Z,soop,00810000
287510654,맑음 강아지 !,mangmaida,망무이,20,2025-09-14 15:00:12.0,"['신입', '뉴걸', '강아지', '소통']",2025-09-14T10:18:23Z,soop,00810000
287513552,[홍신소/쪼치원] 노곤노곤하네,neul0908,모야♬,20,2025-09-14 16:52:39.0,"['홍신소', '쪼치원', '뉴걸', '노래']",2025-09-14T10:18:23Z,soop,00810000
287511546,[그린캠프]저드컵 DAY2 묭씨x찌로리x울산큰고래x숙봉이x세리아,secymyong,묭씨,20,2025-09-14 15:28:51.0,"['뉴걸', '신입', '버추얼', '그린캠프']",2025-09-14T10:18:23Z,soop,00810000
287510602,[뉴걸 9일차] 오늘 처음으로 배그를..! · 200개 데뷔 방셀 마지막 날!♡,tsumya,츠먀,20,2025-09-14 14:59:35.0,"['버튜버', '순혈', '신입', '소통']",2025-09-14T10:18:23Z,soop,00810000
287510658,"[뉴걸] 쓔배교 단체수업(w.수수련,강주이,예콩) / 후원은 도전이로 부탁드림댜🤍",yanppi,얀삐_,20,2025-09-14 15:00:13.0,"['신입', '버튜버', '소통', '라디오', '종합게임']",2025-09-14T10:18:23Z,soop,00810000
287510630,[꾸한성] 꾸한성 익명의 첫인상게임 (●ˇ∀ˇ●)  마병대3 업 부탁드립니다,mimmya0203,밈먀,19,2025-09-14 14:59:57.0,"['뉴걸', '버추얼', '꾸한성']",2025-09-14T10:18:23Z,soop,00810000
287511604,[호라이즌] 모캡 후기 풀어볼까,miwoomiwoo,미우,19,2025-09-14 15:30:51.0,"['호라이즌', '소통', '노래']",2025-09-14T10:18:23Z,soop,00810000
287507796,"[뉴걸] 7시 벽킬내기 (w.이은밍,방우리,마멍,짹짹이)  [33/330 방셀·공겜 룰렛 연차11회]",rabbit21,깡총총,19,2025-09-14 13:01:05.0,"['신입', '소통', '버츄얼', '저점매수', '마인크래프트']",2025-09-14T10:18:23Z,soop,00810000
287515116,헌금내시고 회개하세요 / 마이크X,dubulang0901,두부랑_,19,2025-09-14 17:52:10.0,"['버튜버', '버츄얼', '볼구루순', '개똥벌레']",2025-09-14T10:18:23Z,soop,00810000
287513838,[뉴걸] 뀨포칼립스 마지막 날! /마병대 업 한번씩 부탁드립니다!,k4187421,슈니★,19,2025-09-14 17:00:28.0,"['뉴걸', '하티아', '막내', '슈니', '좀보이드']",2025-09-14T10:18:23Z,soop,00810000
287516330,안녕 나 와써이ㅣㅣㅣㅣ,leuni158,르니ㅡ,19,2025-09-14 18:30:08.0,['T식공감'],2025-09-14T10:18:23Z,soop,00810000
287513448,[ Idol 걸즈원⭐메보 링링 ] 소통&amp;노래뱅 | 마병대3 UP 부탁드립니다 제발요 !! | 즐찾 부탁드려요 💕,lingling2026,링링lingling,19,2025-09-14 16:49:13.0,"['링링', '버추얼', '뉴걸']",2025-09-14T10:18:23Z,soop,00810000
287511088,저녁!! 밥칭구~,sldrps96,지슛~,19,2025-09-14 15:12:06.0,"['신입', '뉴걸', '버추얼', '배그', '소통']",2025-09-14T10:18:23Z,soop,00810000
287516274,[ 습레기통 ]  습레기통 WASD 합방 .... 살려도,toocats,투냥츠_,19,2025-09-14 18:28:25.0,"['가습기', '습레기통']",2025-09-14T10:18:23Z,soop,00810000
287517376,🍀[그린캠프] 철권 캐릭터 고르기! / 마병대 업 부탁드려요!🎤,yotsubakoe,코에♬,19,2025-09-14 19:01:42.0,"['뉴걸', '노래', '버추얼', '소통']",2025-09-14T10:18:23Z,soop,00810000
287515280,[플라티] 안뇽,1eecota,짱코타,18,2025-09-14 17:57:14.0,"['플라티', '버추얼', '버튜버', '노래', '음악']",2025-09-14T10:18:23Z,soop,00810000
287512688,사천왕 깼다 쉽네 ㅋㅋ ต^._.^ต,2059865,꿀빵지,18,2025-09-14 16:13:14.0,[],2025-09-14T10:18:23Z,soop,00810000
287510784,[지학교/뉴걸] 지학교 레포합방ㅇㅅㅇ [33/330/167 확정O],hika12,두미_,18,2025-09-14 15:01:55.0,"['버튜버', '뉴걸', '소통']",2025-09-14T10:18:23Z,soop,00810000
287511664,[꾸한성]안니엉~,lika07,리카_,18,2025-09-14 15:32:22.0,"['버츄얼', '버튜버', '브이튜버', '리카']",2025-09-14T10:18:23Z,soop,00810000
287516372,세세 등장! (!커버곡)🍀,sese119,세세,18,2025-09-14 18:31:11.0,"['사투리', '게임', '버튜버', '버추얼']",2025-09-14T10:18:23Z,soop,00810000
287511452,"wasd 우정파괴게임? (소심해,철쑤,하루비)|⩊･)ﾉ⁾⁾",so218218,강뿌잉_,18,2025-09-14 15:25:37.0,"['소통', '종겜', '버추얼', '버인협회', '신입']",2025-09-14T10:18:23Z,soop,00810000
287511614,"[이적뉴걸] 주드님 배그교실 W. 수달희, 냥냥두둥",choelssu,철쑤_,18,2025-09-14 15:30:59.0,"['버추얼', '소통', '뉴걸']",2025-09-14T10:18:23Z,soop,00810000
287507738,8시) 롤 격겜 대회 구경하기  (방셀 33/330),hikicomoring,히키☆,18,2025-09-14 13:00:08.0,"['버츄얼', '버추얼', '신입', '뉴걸', '소통']",2025-09-14T10:18:23Z,soop,00810000
287510752,[홍신소] 왁치동 카페 글 쓰기 : 건피 환영 / 마병대3 업 부탁드려용,jjoasseo13,죠아써,18,2025-09-14 15:01:11.0,"['버츄얼', '마병대', '훈병죠아써', '홍신소', '둥미또']",2025-09-14T10:18:23Z,soop,00810000
287509818,[뉴걸 19일차/지학교] 소통해요!,harxxxne,하루네♪,17,2025-09-14 14:31:09.0,"['신입', '버추얼', '뉴걸', '소통', '버츄얼']",2025-09-14T10:18:23Z,soop,00810000
287482156,[뉴걸] 24시간! 밥 먹으면서 마병대2 보기 / 룰렛 128⭐,maribyeol,마리별_,17,2025-09-13 15:00:43.0,"['신입', '버츄얼', '뉴걸', '소통']",2025-09-14T10:18:23Z,soop,00810000
287511606,카페탐방 한다애오!,yeniouoyeni,예니_ouo,17,2025-09-14 15:30:53.0,"['아이돌', '소통', '게임', '뉴걸', '노래']",2025-09-14T10:18:23Z,soop,00810000
287510664,"[뉴걸/지학교] 필승! 쓰레기 모으러갑니다 (W. 두미, 어쩜냥이, 세은, 소라빛나)",yeyo25,예요예요,17,2025-09-14 15:00:15.0,"['뉴걸', '버추얼', '감나무', '마인크래프트', '지학교']",2025-09-14T10:18:23Z,soop,00810000
287511886,🐹 [뉴걸/낮방특공대] 춘동아리 면접 🐹,asdk0110,쏭아야,17,2025-09-14 15:43:27.0,"['배그', '버츄얼', '마크', 'fc25']",2025-09-14T10:18:23Z,soop,00810000
287505824,[비정규직]  어딘가 망가진 노래방 ૮⍝• ᴥ •⍝ა,heeddo0910,강희또,17,2025-09-14 11:02:55.0,"['버츄얼', '비정규직', '소통', '게임', '아무래도']",2025-09-14T10:18:23Z,soop,00810000
287512818,🌟뀨포칼립스 1.5 좀보이드서버 마지막날🌟 최후의 시간 마굴 pvp날 우승할 수 있을까,ming1122ming,밍들래,17,2025-09-14 16:21:24.0,"['버츄얼', '뉴걸', '버추얼', '소통', '신입']",2025-09-14T10:18:23Z,soop,00810000
287517228,할일이 많네요,chiy0u,치유+,16,2025-09-14 18:59:29.0,"['정치유', '치유보세요', '레울마드리드', '격치원', '대토녀']",2025-09-14T10:18:23Z,soop,00810000
287515164,"🍒 손절하고싶으면 이 게임하라면서? W.모치,오늘님,긍정왕점프 (노방종룰렛) 🍒",gaksky2,각하늘,16,2025-09-14 17:53:17.0,"['종겜', '토크', '버츄얼', '버추얼']",2025-09-14T10:18:23Z,soop,00810000
287512302,[뉴걸] 다들 앙롱하세요,gorongx2,^고롱고롱^,16,2025-09-14 16:00:05.0,"['뉴걸', '버추얼', '소통', '신입', '버츄얼']",2025-09-14T10:18:23Z,soop,00810000
287516344,7시반 라스트 오브 어스 플레이 해보기!,moonbi0621,문비☆,16,2025-09-14 18:30:22.0,"['버추얼', '순혈', '뉴걸', '종합게임']",2025-09-14T10:18:23Z,soop,00810000
287504934,로나마을 테스터 박진방,duddh07,박찐빵,16,2025-09-14 10:11:22.0,"['버추얼', '버츄얼', '소통']",2025-09-14T10:18:23Z,soop,00810000
287517496,8시 춘동아리 면접날 입니다!!!!,fbcogk,채하,16,2025-09-14 19:04:01.0,"['배틀그라운드', '버추얼', '종겜', '소통']",2025-09-14T10:18:23Z,soop,00810000
287516770,저드컵 꼼모리팀,guqlswls123,따스히,16,2025-09-14 18:44:57.0,"['따스히', '여캠', '홍신소']",2025-09-14T10:18:23Z,soop,00810000
287510548,[뉴걸] 맛집탐방 눈으로..,keunggee1004,김킁지,16,2025-09-14 14:58:16.0,"['버츄얼', '롤', '뉴걸', '버큐멘터리']",2025-09-14T10:18:23Z,soop,00810000
287513506,[습레기통] 6.25참전유공자 릴레이 기부 이벤트 /  wasd 하빵!,newmayo,새마요,16,2025-09-14 16:51:15.0,"['신입', '소통', '버츄얼', '습레기통']",2025-09-14T10:18:23Z,soop,00810000
287509522,리제로... [뀨포칼립스 API 10/101],rydwl0214,키젤_,16,2025-09-14 14:18:03.0,"['버추얼', '뉴걸', '노래', '아이돌', '종합게임']",2025-09-14T10:18:23Z,soop,00810000
287515592,[유네트] 뭉치들 안농~! / 맞즐 쪽지🩵,sabellin,사벨린,16,2025-09-14 18:02:55.0,"['유네트', '사벨린', '종합게임', '목소리']",2025-09-14T10:18:23Z,soop,00810000
287517272,[그린캠프] 7시의 비타민 사삐가 우다다닷! / 마병대3 up 눌러주세요!! 👾,sakbi1,삭비,16,2025-09-14 19:00:10.0,"['버츄얼', '요조숙녀', '삭비', '벌삭비', '그린캠프']",2025-09-14T10:18:23Z,soop,00810000
287507742,운동끝!,nadagom25,나다곰,15,2025-09-14 13:00:11.0,"['소통', '신입', '버추얼', '도트']",2025-09-14T10:18:23Z,soop,00810000
287517306,🍒 일요일 저녁밥 메이트 🩷,ucherryn,유채린_,15,2025-09-14 19:00:38.0,"['노래', '버츄얼', '버추얼', '롤악귀']",2025-09-14T10:18:23Z,soop,00810000
287514530,"오늘은 뀨포칼립스 마지막 날 | 뀨포칼립스 API 룰렛 10,101 / 확정방셀 1000",bekuku,베쿠♬,15,2025-09-14 17:27:45.0,"['뉴걸', '신입', '노래', '밴드', '버추얼']",2025-09-14T10:18:23Z,soop,00810000
287511152,[꾸한성]4시 익명의 첫인상 게임,sellkey,셀키_,15,2025-09-14 15:14:17.0,"['셀키', '버추얼']",2025-09-14T10:18:23Z,soop,00810000
287508162,나랑 소통 할래 말래,som027,뽀솜히,15,2025-09-14 13:18:18.0,"['노래', '배그', '버추얼', '뉴걸', '소통']",2025-09-14T10:18:23Z,soop,00810000
287515548,"[뉴걸] 주드님 배그교실(w.냥냥두둥, 철쑤) / 역팬 데이 OPEN 보석함에 넣어주세요💙",sudalhee,수달희,15,2025-09-14 18:01:48.0,"['뉴걸', '신입', '버츄얼', '토크', '버튜버']",2025-09-14T10:18:23Z,soop,00810000
287507690,[뉴걸] 뀨포카립스 마지막 날! API 방셀 (10/101/1000),himuru,히무루,14,2025-09-14 12:58:22.0,"['뉴걸', '소통', '버츄얼']",2025-09-14T10:18:23Z,soop,00810000
287516520,[홍신소] 500일 감사합니다! 500일 기념 Q&amp;A 50개 채워지면 종료!,layule,라율,14,2025-09-14 18:37:16.0,"['홍신소', '가내수공업팀', '나유리', 'GM다비']",2025-09-14T10:18:23Z,soop,00810000
287509090,소통 타임! 밀린 주카탐💧,9haedo,9해도,14,2025-09-14 14:00:44.0,"['그림', '미술', '뉴걸', '보드게임', '소통']",2025-09-14T10:18:23Z,soop,00810000
287516736,나 오늘 방송 5주년이양!!!,allblack1019,새까망,14,2025-09-14 18:43:52.0,"['버추얼', '소통', '버츄얼']",2025-09-14T10:18:23Z,soop,00810000
287512314,[뉴걸] 100일 잔치 2부-타로보기,choisua,최수아_,14,2025-09-14 16:00:14.0,"['신입', '뉴걸', '소통', '버추얼', '노래']",2025-09-14T10:18:23Z,soop,00810000
287515456,[배가본드] [격치원] 배가본드 마인크래프트 합방,dandelion714,한건수,14,2025-09-14 18:00:26.0,"['신입', '버츄얼', '버튜버', '소통', '격치원']",2025-09-14T10:18:23Z,soop,00810000
287505692,뉴걸❤️/ 햅삐주말 도키랑 노올쟝 / 맞즐쪽지❤️,dokhee,금독희,14,2025-09-14 10:57:21.0,"['뉴걸', '버츄얼', '버튜버', '저챗']",2025-09-14T10:18:23Z,soop,00810000
287515722,"[뉴걸/지학교] 생각보다 듣기 좋은 목소리_♥  [33, 125, 330]",duddj4210,뚜우♡,14,2025-09-14 18:06:35.0,"['노래', '소통', '뉴걸', '신입', '게임']",2025-09-14T10:18:23Z,soop,00810000
287517338,[아토즈] 내 주말.... 🌺,kcamellia,김동백_,14,2025-09-14 19:01:03.0,"['노래', '장르불문', '아토즈', '버츄얼', '감성노래']",2025-09-14T10:18:23Z,soop,00810000
287515430,🐱 간만에 배가본드 합방 [배가본드/포인트니모],chanchan055,하찬찬,13,2025-09-14 18:00:10.0,"['배가본드', '뉴걸', '이상함']",2025-09-14T10:18:23Z,soop,00810000
287517344,"춘동아리 면접🐹룰렛 33개,330개,172개,486개",chiyami,♡치야미,13,2025-09-14 19:01:12.0,"['뉴걸', '신입', '신입버츄얼', '버츄얼']",2025-09-14T10:18:23Z,soop,00810000
287514912,[브이메이드/습레기통]  도전이 받는중 300방셀 400움짤 / 버부대 많관부!,godolhi248,포도따,13,2025-09-14 17:44:36.0,"['소통', '버츄얼', '브이메이드', '감나무', '습레기통']",2025-09-14T10:18:23Z,soop,00810000
287510870,[VEP] 1주년에 모할지나 생각해보자,p0ppy628,백야♬♥,13,2025-09-14 15:03:50.0,"['소통', 't9', '롤', '원딜']",2025-09-14T10:18:23Z,soop,00810000
287511622,4시) 꾸한성 첫 컨텐츠 익명의 첫인상 / 마병대 up 부탁드립니댜! [꾸한성]🌰,wooyah21,바먀,13,2025-09-14 15:31:05.0,"['버추얼', '라디오', '꾸산당']",2025-09-14T10:18:23Z,soop,00810000
287512670,[뉴걸] 💙128일 / [뀨포칼립스] 마지막날. 준비됐지 애두라?,dbs705,렌디,13,2025-09-14 16:12:33.0,"['배틀그라운드', '종합게임', '신입', '소통', '뉴걸']",2025-09-14T10:18:23Z,soop,00810000
287511620,안냐세오 문랴에오 (❁ᴗ͈ˬᴗ͈)⁾⁾⁾ [뉴걸],dkdb33,문리아,13,2025-09-14 15:31:02.0,"['게임', '뉴걸', '버츄얼', '라디오', '신입']",2025-09-14T10:18:23Z,soop,00810000
287504106,[뉴걸/36일차] 작업뱅,hey092130,히루룽,13,2025-09-14 09:02:48.0,"['뉴걸', '배그', '롤', '룰렛', '해기']",2025-09-14T10:18:23Z,soop,00810000
287498388,오직 마병대를 위한 노방종... 마병대1부터같이보기 ⛩️9월 방셀오픈(33/330)⛩️,amqjbnzbdkw,그리얌,12,2025-09-13 23:26:59.0,"['버츄얼', '종합게임', '뉴걸', '이적']",2025-09-14T10:18:23Z,soop,00810000
287515580,[뉴걸121일]❣️발로란트 벽킬내기! 실패하면 공포겜?! 대결이 부탁드려요!! / 마병대3 업 부탁드립니다!❣️(맞즐쪽지),tmxk2410,마멍♣,12,2025-09-14 18:02:35.0,"['버츄얼', '버추얼', '신입', '데뷔', '소통']",2025-09-14T10:18:23Z,soop,00810000
287507800,벌써 일요일?  (맞즐 쪽),cjsdl5408,처니씨,12,2025-09-14 13:01:12.0,"['버츄얼', '종합게임']",2025-09-14T10:18:23Z,soop,00810000
287508754,내일 또 줄근이라니 / 마병대3 업 부탁드립니다!,dotcha,돗챠,12,2025-09-14 13:47:35.0,"['vr쳇', '풀트', '브쳇', '소주', '개똥벌레']",2025-09-14T10:18:23Z,soop,00810000
287517518,🦢 날씨 너무 좋아,lemon1925,류소리,12,2025-09-14 19:04:23.0,"['류소리', '버츄얼', '종겜', '노래']",2025-09-14T10:18:23Z,soop,00810000
287516160,"7시 벽킬내기 (w.이은밍,깡총총,마멍,짹짹이)",lsh8071,방우리_,12,2025-09-14 18:23:26.0,"['뉴걸', '버추얼', '룰렛', '소통']",2025-09-14T10:18:23Z,soop,00810000
287515186,[실물 공개] 눈 마주쳤으면 드루와,nyzzim1,카짱♥,12,2025-09-14 17:53:50.0,"['신입', '여캠', '버추얼', '매도', '뉴걸']",2025-09-14T10:18:23Z,soop,00810000
287515372,[순혈뉴걸/낮방특공대]너 하나 안오면 내 방송 망함..ㅜ(마병대3 업 부탁드립니다!,oneon1y,온유일,12,2025-09-14 17:59:02.0,"['뉴걸', '저점매수', '썩멤', '낮방특공대', '훈수가능']",2025-09-14T10:18:23Z,soop,00810000
287509778,나랑 비밀친구 할래..? / 비키니 방셀 188룰렛,tosmreo,빵혜_,12,2025-09-14 14:29:24.0,"['룰렛', '버추얼', '방셀', '뉴걸', '신입']",2025-09-14T10:18:23Z,soop,00810000
287516852,단비와찌 7시 30분 아이콘매치 중계 💛방셀 33개 룰렛💛 [컵켓몬],wkdrn0405,단비가최고야,12,2025-09-14 18:48:20.0,"['단비', '중계', '버츄얼', '맨유']",2025-09-14T10:18:23Z,soop,00810000
287517530,[습레기통] 소통 + 노래방 100개 ㅎㅅㅎ,aigong7576,설채이,11,2025-09-14 19:04:43.0,"['설채이', '종합게임', 'Vrchat']",2025-09-14T10:18:23Z,soop,00810000
287508952,(튀르키예인 미미) 튀르키예인 미미 한국어 가르치고 올게요 (20시),mimi2025,미미MIMI#,11,2025-09-14 13:56:39.0,"['버추얼', '외국인', '아이돌']",2025-09-14T10:18:23Z,soop,00810000
287517112,[뉴걸 45일차] 거기 계신가요 [룰렛 33/155/330 연차 11번],momongmomong,모몽?,11,2025-09-14 18:56:44.0,"['뉴걸', '버추얼', '버츄얼', '신입']",2025-09-14T10:18:23Z,soop,00810000
287515504,일요일 조아,nnojoke486,장난하나_,11,2025-09-14 18:01:07.0,"['겜잘스', '발로란트', '버추얼']",2025-09-14T10:18:23Z,soop,00810000
287511202,세게 뭐하지의 날,parassol,파라쏠,11,2025-09-14 15:15:25.0,"['그림', 'Live2D', '버튜버', '게임']",2025-09-14T10:18:23Z,soop,00810000
287510532,"[뉴걸45일차/지학교] 딸기 괴식 월드컵, 다이어트 방송 중;",pring1798,김프링♪,11,2025-09-14 14:57:50.0,"['버튜버', '버츄얼', '뉴걸', '신입', '소통']",2025-09-14T10:18:23Z,soop,00810000
287517308,뭐를 업글 해야 할까요?,reumdal,꾸름달,11,2025-09-14 19:00:39.0,"['버추얼', '노래', '소통']",2025-09-14T10:18:23Z,soop,00810000
287513828,[하티아] 건강이슈 비상! 짧뱅!,veryveny,베니_VENY,11,2025-09-14 17:00:20.0,"['버추얼', '버튜버', '베니', '버츄얼', '하티아']",2025-09-14T10:18:23Z,soop,00810000
287515518,[뉴걸] 배가본드 마인크래프트 합방! [배가본드],doreu1717,도르_DOREU,11,2025-09-14 18:01:18.0,[],2025-09-14T10:18:23Z,soop,00810000
287509444,[V] 당사자만 모르는 반응 맛집! 주접 맛집! 공겜룰렛 31개 오픈 [맞즐] ,lastindi,라디_O,11,2025-09-14 14:14:10.0,"['배그', '배틀그라운드', '종합게임', 'talk']",2025-09-14T10:18:23Z,soop,00810000
287514718,45일차] 오늘저녁은 제육볶음!! / 방셀 룰렛 25개!,ous1122,이오군,11,2025-09-14 17:35:37.0,"['노래', '라이브', '음악', '뉴비', '버추얼']",2025-09-14T10:18:23Z,soop,00810000
287511830,뉴걸/몽글몽글해진 마음이랄까나,asd1478,론티,10,2025-09-14 15:40:32.0,"['신입', '뉴걸', '순혈', '버추얼', '소통']",2025-09-14T10:18:23Z,soop,00810000
287515354,254일/🦁춘동아리🦁 너희 보고 싶어서 휴방 반납해쏘(●◡●),dndus8305,꾸르밍_,10,2025-09-14 17:58:44.0,"['돼지토끼', '뉴걸', '버추얼']",2025-09-14T10:18:23Z,soop,00810000
287511056,[뉴걸/20일차] 탱자랑 포켓몬어나더레드 ! ✨  (룰렛 33/99개),popo030,♥탱자♥,10,2025-09-14 15:10:46.0,"['버츄얼', '소통', '신입', '뉴걸']",2025-09-14T10:18:23Z,soop,00810000
287516004,[뉴걸] 춘동아리 면접 대기방 13번 미요💙 25개 룰렛 💙,uoip209,미요♭,10,2025-09-14 18:17:01.0,"['버추얼', '구미호', '신입', '뉴걸', '버츄얼']",2025-09-14T10:18:23Z,soop,00810000
287515496,(81일차) 7시실리아 신의상 공개!!💙/ 마병대 3 업 부탁드려요!! (룰렛 33/330(11번),applelove234,실리아♬,10,2025-09-14 18:01:04.0,"['뉴걸', '신입', '여고생']",2025-09-14T10:18:23Z,soop,00810000
287507858,"[지학교]마병대 공부계획 세우기, 신청곡100 / 방셀맛집 룰렛 33,330(11연차),145",hpwmn789,♡코스모,10,2025-09-14 13:03:18.0,"['지학교', '눈나', '순혈뉴걸', '소통', '노래']",2025-09-14T10:18:23Z,soop,00810000
287513830,[뉴걸] 걸즈원 합방~,iring2025,아이링IRING,10,2025-09-14 17:00:20.0,"['버추얼', '러시아', '뉴걸', '걸즈원']",2025-09-14T10:18:23Z,soop,00810000
287508150,[뉴걸12일차] 관심과 사랑이 필요해요,zzihae1019,찌해,10,2025-09-14 13:17:49.0,"['뉴걸', '신입', '이적', '노래', '버추얼']",2025-09-14T10:18:23Z,soop,00810000
287514944,스트리머타로카페(w.최수아) 6시반부터 ~ 룰렛33 333 /10시 왕의남자 영화 같이보기/마크서버&amp;배그시참,eunsuchu,CHU리나쌤,9,2025-09-14 17:46:03.0,"['음악', '버츄얼', '타로', '뉴걸', '유부녀']",2025-09-14T10:18:23Z,soop,00810000
287508402,[뉴걸] 오늘 랭크 좀 올려부까 / 33 방셀룰렛,karieshug,애륑,9,2025-09-14 13:29:32.0,"['신입', '뉴걸', '버츄얼', '종합게임', '유입']",2025-09-14T10:18:23Z,soop,00810000
287517442,[뉴걸 6일차 |바오숲] 놀아보장,pewddd,퓨D,9,2025-09-14 19:02:49.0,"['신입', '소통', '버츄얼', '뉴걸']",2025-09-14T10:18:23Z,soop,00810000
287514216,오늘은 일찍 왔수다 #합방 환영 #납치 환영 #미션 환영,snow0225,유키오_,9,2025-09-14 17:15:57.0,"['신입', '소통', '종합게임', '배그']",2025-09-14T10:18:23Z,soop,00810000
287511684,[VEP/꾸한성] 꾸한성 오징어게임 합방,tkfkdgodufks,소연화,9,2025-09-14 15:33:11.0,"['버츄얼', '종합게임', '힐링', '꾸산당', '소통']",2025-09-14T10:18:23Z,soop,00810000
287517856,"[뉴걸] 춘봉님 동아리 8시 면접,,,, (33/162/330 연차11)",vveyyy,시라유리,9,2025-09-14 19:13:52.0,"['버츄얼', '신입', '뉴걸', '소통', '라디오']",2025-09-14T10:18:23Z,soop,00810000
287517644,[뉴걸] 💖 심심하니까 노래뱅 💖 20개 방셀 반값 이벤트 도전이로 부탁드려요  #맞즐쪽지,damdam2,김담담,9,2025-09-14 19:07:35.0,"['뉴걸', '배그', '버츄얼']",2025-09-14T10:18:23Z,soop,00810000
287515058,[신입] 나 소통할거야 구경올래? #미션 받아요 #맞즐쪽,dpw7851,월해란,9,2025-09-14 17:50:39.0,"['신입', '버츄얼', '소통', '유입', '잔잔']",2025-09-14T10:18:23Z,soop,00810000
287517140,뀨포칼립스 마지막 날!,gohozz6,고호.,9,2025-09-14 18:57:17.0,"['뉴걸', '버추얼', '버츄얼', '잔잔']",2025-09-14T10:18:23Z,soop,00810000
287517562,이시간에 키요가 / 방셀 룰렛 33개 330개(11연차),kiyozz11,키요_,9,2025-09-14 19:05:26.0,"['노래', '버튜버', '우타이테', '신입']",2025-09-14T10:18:23Z,soop,00810000
287517774,[홍신소/마병대UP]루리맘대로! 오늘은 루리 손캠 월남쌈만들기!,liluelee12,리루리_,9,2025-09-14 19:11:10.0,"['버츄얼', '감나무', '홍신소', '낮방특공대', '여우도시']",2025-09-14T10:18:23Z,soop,00810000
287506732,[뉴걸 33일차] 마생아 야생에서 살아남기 마병대3업부탁해용💜,locy1212,정푸푸,9,2025-09-14 12:02:27.0,"['신입', '뉴걸', '버추얼', '저챗']",2025-09-14T10:18:23Z,soop,00810000
287517142,[뉴걸] 흑발적안 데이 ☆ミ,sangchu541,천상츄,9,2025-09-14 18:57:19.0,"['노래', '그림', '롤', '소통', '스타크래프트']",2025-09-14T10:18:23Z,soop,00810000
287517312,[로나빌리지] 테스트서버 2일차 ㅅ,leechiri272,이치리272,8,2025-09-14 19:00:42.0,"['이치리', '272', '버츄얼', 'G점멸', '버튜버']",2025-09-14T10:18:23Z,soop,00810000
287517482,룰렛 정산 : 프사 그리기 좀 하다가 로블록스 [306일차/버츄얼],os0999,프라이_,8,2025-09-14 19:03:46.0,"['버츄얼', '소통', '발로란트', '종합게임', '시참']",2025-09-14T10:18:23Z,soop,00810000
287510486,[지학교/뉴걸] 아 선배님!!!!!!!!!!!!!!!!!!!!!/ 후열 repo / 종겜,whitesora,소라빛나,8,2025-09-14 14:56:23.0,"['뉴걸', '지학교', '마병대', '소통', 'repo']",2025-09-14T10:18:23Z,soop,00810000
287509802,[꾸한성] 24시간빵 크랩게임 / 마병대3 업 부탁드립니다!,zzeogoo,햄쩌구,8,2025-09-14 14:30:15.0,"['뉴걸', '버츄얼', '버추얼', '꾸한성']",2025-09-14T10:18:23Z,soop,00810000
287517256,8시 춘동아리 면접!! 아지와따요!!,azi1253,꽁아지♡,8,2025-09-14 19:00:04.0,"['버추얼', '뉴걸', '댕청미', '토크']",2025-09-14T10:18:23Z,soop,00810000
287516214,[뉴걸] 나 방금 일어났오 /💜룰렛O💜,jing5869,김레뮤,8,2025-09-14 18:26:04.0,"['신입', '뉴걸', '버추얼', '소통']",2025-09-14T10:18:23Z,soop,00810000
287509320,컵켓몬 시작합니다 9시 저세상 킬내기 예정,melloon63,멜로온_,8,2025-09-14 14:08:35.0,"['버추얼', '종합게임', '신입', '토크', '롤체']",2025-09-14T10:18:23Z,soop,00810000
287511826,맞즐 납치 환영) 발악귀의 발로란트 인생,ninlet1261,조드_,8,2025-09-14 15:40:31.0,"['버츄얼', 'FPS', 'Zod', '신입', '발로란트']",2025-09-14T10:18:23Z,soop,00810000
287512362,성세천하_여제의 탄생,yumama,빵떡,8,2025-09-14 16:01:15.0,"['뉴걸', '버츄얼', '순혈', '소통']",2025-09-14T10:18:23Z,soop,00810000
287517098,[ 뉴걸 ] 33일차 뱌루랑 놀아줄 오빠들 없서? 진짜루?,kchois0330,뱌루뱌루,7,2025-09-14 18:56:22.0,"['신입', '뉴걸', '버튜버', '여자', '복귀방송']",2025-09-14T10:18:23Z,soop,00810000
287514250,[지학교] 로즈단 도움!!!,rp1227,렌링,7,2025-09-14 17:17:08.0,"['뉴걸', '버추얼', '신입', '버츄얼', '롤']",2025-09-14T10:18:23Z,soop,00810000
287506338,"[23일차 뉴걸 /지학교] 후열 레포 W.두미선배님,예요선배님,세온,소라 방셀 룰렛 (33/330)",hhr001234,어쩜냥이,7,2025-09-14 11:38:13.0,"['버추얼', '뉴걸', '신입', '소통', '버튜버']",2025-09-14T10:18:23Z,soop,00810000
287512418,"(7시) WASD 합방! 우정 지키기 가능? (w. 뽀야, 라헨, 수탱2)",linell35,리넬_linell,7,2025-09-14 16:02:43.0,"['뉴걸', '종합게임', '신입', '버추얼']",2025-09-14T10:18:23Z,soop,00810000
287517374,[뉴걸2일차] 신입염소 보러 오세용｜SOOP 용어 공부!,onyang,냥갱!,7,2025-09-14 19:01:37.0,"['신입', '뉴걸', '순혈', '버추얼', '소통']",2025-09-14T10:18:23Z,soop,00810000
287505618,[지학교 / 뉴걸 12일차] 지학교 친구들이랑 슨배님들이랑 레포/ 33/330(11연차)/135 룰렛,seon12,세온_,7,2025-09-14 10:53:52.0,"['뉴걸', '버츄얼', '노래', '신입', '지학교']",2025-09-14T10:18:23Z,soop,00810000
287511804,뉴걸13일차 소소한소통 룰렛 33/330,shiro75,시로v,7,2025-09-14 15:39:44.0,"['신입', '버추얼', '고양이']",2025-09-14T10:18:23Z,soop,00810000
287517440,(뉴걸/순혈)안녕~ 명월이 왔어잉~ /🩵방셀 33 300 350🩵,tsuki0v0123,청명월_,7,2025-09-14 19:02:45.0,"['뉴걸', '버추얼', '소통', '신입', '저챗']",2025-09-14T10:18:23Z,soop,00810000
287517208,"🍓 소통소통 쁘리쁘리 ㅣ33 , 182  방셀룰렛 330  11연 ㅣ 확정o",flstkqmfl,쁘리쮸,6,2025-09-14 18:59:19.0,"['소통', '뉴걸', '버추얼', '신입', '방셀']",2025-09-14T10:18:23Z,soop,00810000
287515276,[반말방] 오늘은 작업 잔잔 소통뱅,jintaese0i,진태서,6,2025-09-14 17:57:07.0,"['버튜버', '버츄얼', '토크', '작업', '소통']",2025-09-14T10:18:23Z,soop,00810000
287517578,초심 찾겠습니다,kkuru21,벌꾸루,6,2025-09-14 19:05:47.0,"['신입', '저점매수', '라디오', '소통', '고민상담']",2025-09-14T10:18:23Z,soop,00810000
287514390,신입 14일차 / 뭐가 문제냐 쎄이쌈띵,zlzlaos,채삥,6,2025-09-14 17:21:46.0,"['신입', '뉴걸']",2025-09-14T10:18:23Z,soop,00810000
287513666,바다에서 살아남기,ouoovo59,하나모_,6,2025-09-14 16:56:22.0,"['코인', '주식', '노래', '뉴걸', '버츄얼']",2025-09-14T10:18:23Z,soop,00810000
287513732,포레 왔어요 ~,foret2,포레♥,5,2025-09-14 16:58:07.0,['소통'],2025-09-14T10:18:23Z,soop,00810000
287516358,오늘 좀보이드 마지막 날! / 100개 101개 방셀 확률 2배 룰렛,gangj486,강정런,5,2025-09-14 18:30:32.0,"['뉴걸', '버추얼', '소통', '수학', '똥쌀까']",2025-09-14T10:18:23Z,soop,00810000
287517168,[뉴걸/55일차] ❤️설이 와따 ❤️(33룰렛),hongseolhee,홍설이@,5,2025-09-14 18:58:17.0,"['뉴걸', '버추얼', '신입', '버츄얼']",2025-09-14T10:18:23Z,soop,00810000
287517138,[52일차 뉴걸] 마병대 면접 정주행 (´▽`ʃ♡ƪ),hye0328,망초♪,5,2025-09-14 18:57:15.0,"['버츄얼', '데뷔', '신입']",2025-09-14T10:18:23Z,soop,00810000
287516354,[뉴걸/11일차] 허둥지둥 정글러,rlatkf9,김살꾸,5,2025-09-14 18:30:28.0,"['리그오브레전드', '롤', '신입', '버추얼']",2025-09-14T10:18:23Z,soop,00810000
287517238,[뉴걸] 우아아앙 ''0'',seecom2,류새콤,5,2025-09-14 18:59:45.0,"['신입', '순혈', '뉴걸', '소통', '롤']",2025-09-14T10:18:23Z,soop,00810000
287517410,"[뉴걸] 춘동아리 면접 대기방 / !룰렛, 전자녀 3개",sudal0923,연주아,5,2025-09-14 19:02:20.0,"['버츄얼', '뉴걸', '신입']",2025-09-14T10:18:23Z,soop,00810000
287517258,[뉴걸] 아가리의 숲 업 해주세요!,uleharaaki,양아키,5,2025-09-14 19:00:04.0,"['신입', '노래', '소통', '뉴걸']",2025-09-14T10:18:23Z,soop,00810000
287508836,[뉴걸/유입환영] 포켓몬 어나더 레드 2일차♡,flfkql3939,리라비,5,2025-09-14 13:51:05.0,"['뉴걸', '버추얼', '포켓몬', '어나더레드', '게임']",2025-09-14T10:18:23Z,soop,00810000
287512022,22시 더빙의 숲 지원 전 레슨 방송 회초리 맞기,sle5458,이셀_E-SELL,5,2025-09-14 15:49:03.0,['음악'],2025-09-14T10:18:23Z,soop,00810000
287517234,[쥬스] 자타공인 방셀 맛집의 한정룩 오쁜 룰렛50🦝💛,hyogulhyogul,효굴효굴,4,2025-09-14 18:59:42.0,"['하이텐션', '뉴걸', '너구리', '비명맛집', '감나무']",2025-09-14T10:18:23Z,soop,00810000
287517170,[마이주] 오랜만에 팬카페 보기,marihema,마리히,4,2025-09-14 18:58:19.0,"['신입', '뉴걸', '뱀동아리', '마이주']",2025-09-14T10:18:23Z,soop,00810000
287511852,뉴걸 / 오버워치 쪼아,nyanggaring,냥가링,4,2025-09-14 15:41:31.0,"['신입', '버츄얼', '소통', '뉴걸']",2025-09-14T10:18:23Z,soop,00810000
287515394,[Hollow Knight] 4일 차 느긋하게 (asmr),puka0202,푸카PUKA,4,2025-09-14 17:59:43.0,"['버튜버', '버츄얼', 'asmr', '3dio']",2025-09-14T10:18:23Z,soop,00810000
287516676,8시 구스구스덕 합방까지 토크타임!! (๑❛ڡ❛๑)💜룰렛💜,smj2097,밤비타,4,2025-09-14 18:41:57.0,"['룰렛', '킬룰렛', '배린이', '버츄얼', '버튜버']",2025-09-14T10:18:23Z,soop,00810000
287517260,[뉴걸] 뀨포칼립스 좀보이드 서버 마지막날!! (룰렛33/192/330개=11회),yumeka89,쿠리_KURI,4,2025-09-14 19:00:06.0,"['버츄얼', '신입', '뉴걸', '버튜버', '좀보이드']",2025-09-14T10:18:23Z,soop,00810000
287517390,🌸율이왔🌸,coconene,지연율,4,2025-09-14 19:01:57.0,"['버추얼', '공포게임', '시참']",2025-09-14T10:18:23Z,soop,00810000
287517340,롤체훈수점 ㅜㅜㅜ　　　　　　　　　　　　　　#뉴걸 #시참#롤#협곡#칼바람#롤토체스,dbdnjfdl0216,시화♡,4,2025-09-14 19:01:06.0,"['칼바람', '버츄얼', '종합게임', '시참']",2025-09-14T10:18:23Z,soop,00810000
287516612,[뉴걸] 조키와이 (제발 들어와주세요),godf1004,조한양,4,2025-09-14 18:40:22.0,"['버츄얼', '뉴걸', '노래', '음악', '랩']",2025-09-14T10:18:23Z,soop,00810000
287510030,오늘은 2일차! 사계절 한번 돌아보자!!! #코코팜,kongjwi06,아코AKO,4,2025-09-14 14:39:30.0,"['아코', '버추얼', '굶지마다함께', '합방']",2025-09-14T10:18:23Z,soop,00810000
287517506,"뉴걸,복귀) 8시  춘동아리 면접!🐿️",langmu,랑뮤,4,2025-09-14 19:04:10.0,"['버추얼', '뉴걸', '배틀그라운드', '배그']",2025-09-14T10:18:23Z,soop,00810000
287517230,[신입] GTA5 스토리 모드 vol.6 (Grand Theft Auto V),xelloss21c,카르페디엠BS,4,2025-09-14 18:59:38.0,"['소통', '노래', '게임', '신입', '저점매수']",2025-09-14T10:18:23Z,soop,00810000
287516498,주말은 잘 보내고 계신가요? | 7시 벽킬내기 두근두근,jjackjjackle,짹짹이__,3,2025-09-14 18:36:19.0,"['미성', '중저음', '목소리', '룰렛']",2025-09-14T10:18:23Z,soop,00810000
287510314,[라온다온] 델뉴비랑 비콘갈뤠!!!!!? 미션!!!환영!!!!!!  !킬룰렛도 많관부~,kjh18220,최강후야,3,2025-09-14 14:49:44.0,"['뉴비', '버츄얼', '나도시청자주세요', '신입', '러스트']",2025-09-14T10:18:23Z,soop,00810000
287506808,[신입] 유입 환영) 뭐야 보스가 3마리가 아니였아?,lokifortren,로키폴트렌,3,2025-09-14 12:07:01.0,"['신작', 'rpg', '롤', '신입', '버추얼']",2025-09-14T10:18:23Z,soop,00810000
287517930,화내지 않기,nrnjsaudwn94,IIDEN이든,3,2025-09-14 19:16:28.0,"['음악', '싱크룸', '버츄얼', '버튜버', '유입환영']",2025-09-14T10:18:23Z,soop,00810000
287516338,"7시 WASD 합방 (w.수탱,리넬,뽀야)",rahen0411,라헨☆,3,2025-09-14 18:30:16.0,"['순혈', '버추얼', '롤', '배그', '종겜']",2025-09-14T10:18:23Z,soop,00810000
287509038,초보자는 총쏠줄 몰라요,liann0524,황리안,2,2025-09-14 13:59:39.0,"['종합게임', '그림', '노래', '소통', '발로란트']",2025-09-14T10:18:23Z,soop,00810000
287515564,포켓몬 모르는뇌 포쌤들 도와줘 포켓몬스터 어나더 레드🌓,mujinbear,무진`,2,2025-09-14 18:02:16.0,"['뉴보이', '버튜버', '버츄얼', 'vtuber', '종합게임']",2025-09-14T10:18:23Z,soop,00810000
287510240,8시)모요숲 입주 두개재 #API,tldhssla0709,정시온,2,2025-09-14 14:46:42.0,"['버추얼', '신입', '종합게임', '소통', '게임']",2025-09-14T10:18:23Z,soop,00810000
287516436,[버츄얼/V] 오늘은 일요일! (수다+게임+노래) (유입환영),daon39,온다_,1,2025-09-14 18:33:45.0,"['버츄얼', '신입', '수다', '저챗', '버추얼']",2025-09-14T10:18:23Z,soop,00810000
287511936,렛츠 훈타타임,bokjassi25,박복자씨,1,2025-09-14 15:44:57.0,"['털복숭아', '노가리']",2025-09-14T10:18:23Z,soop,00810000
