category_no,category_name,view_cnt,fixed_tags,cate_img,captured_at_utc,platform
00130000,토크/캠방,3273,"['보라', '토크']",https://admin.img.sooplive.co.kr/category_img/2024/10/15/7849670d90c7abaa8.png,2025-09-26T21:18:15+00:00,soop
00040019,리그 오브 레전드,3191,"['MOBA', '전략', '라이엇게임즈']",https://admin.img.sooplive.co.kr/category_img/2025/09/02/259768b67d0fe5e7b.png,2025-09-26T21:18:15+00:00,soop
00810000,버추얼,3093,['토크'],https://admin.img.sooplive.co.kr/category_img/2024/10/15/5706670d915d067cb.png,2025-09-26T21:18:15+00:00,soop
00040066,PUBG: 배틀그라운드,1773,"['슈팅', '생존', '배틀로얄', 'FPS', 'TPS']",https://admin.img.sooplive.co.kr/category_img/2024/10/15/5770670d90283ed1a.jpg,2025-09-26T21:18:15+00:00,soop
00040001,스타크래프트,1736,"['전략', '시뮬레이션', 'RTS']",https://admin.img.sooplive.co.kr/category_img/2024/10/15/3568670d900e5fe3c.jpg,2025-09-26T21:18:15+00:00,soop
00040005,서든어택,1704,"['슈팅', 'FPS']",https://admin.img.sooplive.co.kr/category_img/2024/10/15/7599670d901178533.jpg,2025-09-26T21:18:15+00:00,soop
00040121,종합게임,1005,['종합게임'],https://admin.img.sooplive.co.kr/category_img/2024/10/15/8693670d9053a5edd.jpg,2025-09-26T21:18:15+00:00,soop
00040017,마인크래프트,1002,"['샌드박스', '시뮬레이션', '생존']",https://admin.img.sooplive.co.kr/category_img/2024/10/15/9605670d9019ba18f.jpg,2025-09-26T21:18:15+00:00,soop
00040075,전략적 팀 전투,964,"['오토배틀러', '전략', '라이엇게임즈']",https://admin.img.sooplive.co.kr/category_img/2025/09/02/538468b6aac22b47e.png,2025-09-26T21:18:15+00:00,soop
00030002,음악 스트리밍,896,['음악'],https://admin.img.sooplive.co.kr/category_img/2024/10/15/3063670d900a36b87.png,2025-09-26T21:18:15+00:00,soop
00040354,EA Sports FC 26,476,"['스포츠게임', '축구', '시뮬레이션']",https://admin.img.sooplive.co.kr/category_img/2025/09/26/732268d5f5f3587df.png,2025-09-26T21:18:15+00:00,soop
00270006,암호화폐,336,"['금융', '거래', '주가']",https://admin.img.sooplive.co.kr/category_img/2024/10/15/9526670d90dd73a35.png,2025-09-26T21:18:15+00:00,soop
00040032,메이플스토리,332,['MMORPG'],https://admin.img.sooplive.co.kr/category_img/2025/08/21/996768a67d34c9dc1.jpg,2025-09-26T21:18:15+00:00,soop
00330000,먹방/쿡방,329,"['먹방', '쿡방']",https://admin.img.sooplive.co.kr/category_img/2024/10/15/4487670d90e7c8791.png,2025-09-26T21:18:15+00:00,soop
00040035,그랜드 테프트 오토 V,281,"['액션', '어드벤처']",https://admin.img.sooplive.co.kr/category_img/2024/10/15/9526670d901fea149.jpg,2025-09-26T21:18:15+00:00,soop
00040158,메이플스토리 월드,277,"['샌드박스', '플랫폼게임']",https://admin.img.sooplive.co.kr/category_img/2024/10/15/3117670d9076deb54.png,2025-09-26T21:18:15+00:00,soop
00390024,YTN LIVE,266,"['뉴스', '시사', '사회', '정치']",https://admin.img.sooplive.co.kr/category_img/2024/10/15/6437670d91462be63.jpg,2025-09-26T21:18:15+00:00,soop
00590000,더빙/라디오,249,"['라디오', '더빙', 'ASMR']",https://admin.img.sooplive.co.kr/category_img/2024/10/15/7489670d9152a3346.jpg,2025-09-26T21:18:15+00:00,soop
00030001,음악 라이브,234,['음악'],https://admin.img.sooplive.co.kr/category_img/2024/10/15/2787670d90092f65d.png,2025-09-26T21:18:15+00:00,soop
00040110,발로란트,203,"['슈팅', 'FPS', '액션', '라이엇게임즈']",https://admin.img.sooplive.co.kr/category_img/2025/03/06/404067c901f797bf2.jpg,2025-09-26T21:18:15+00:00,soop
00740000,여행,190,['여행'],https://admin.img.sooplive.co.kr/category_img/2024/10/15/1663670d9158da437.png,2025-09-26T21:18:15+00:00,soop
00040070,FC 온라인,181,"['스포츠게임', '축구']",https://admin.img.sooplive.co.kr/category_img/2024/10/15/9505670d902b5c773.jpg,2025-09-26T21:18:15+00:00,soop
00290005,시사,175,"['교양', '학습', '이슈', '뉴스']",https://admin.img.sooplive.co.kr/category_img/2024/10/15/6083670d90e3a80d3.png,2025-09-26T21:18:15+00:00,soop
00020007,취미,150,['취미'],https://admin.img.sooplive.co.kr/category_img/2024/10/15/3781670d900509a1e.png,2025-09-26T21:18:15+00:00,soop
00040011,월드 오브 워크래프트,117,"['MMORPG', '오픈월드', '어드벤처']",https://admin.img.sooplive.co.kr/category_img/2024/10/15/7298670d9014911e3.jpg,2025-09-26T21:18:15+00:00,soop
00040352,베이비 스텝스,107,"['플랫포머', '어드벤처']",https://admin.img.sooplive.co.kr/category_img/2025/09/19/399568ccf55b2b9a4.jpg,2025-09-26T21:18:15+00:00,soop
00040007,스페셜포스,87,"['슈팅', 'FPS']",https://admin.img.sooplive.co.kr/category_img/2024/10/15/4863670d901280438.jpg,2025-09-26T21:18:15+00:00,soop
00580000,펫방,72,['펫방'],https://admin.img.sooplive.co.kr/category_img/2024/10/15/2985670d91519b52a.png,2025-09-26T21:18:15+00:00,soop
00940010,비밀의 숲,71,"['드라마', '같이보기']",https://admin.img.sooplive.co.kr/category_img/2025/09/11/709968c27091e7add.jpg,2025-09-26T21:18:15+00:00,soop
00040160,팰월드,70,"['오픈월드', 'TPS', '서바이벌']",https://admin.img.sooplive.co.kr/category_img/2024/10/15/1210670d9078ee572.jpg,2025-09-26T21:18:15+00:00,soop
00390013,연합뉴스,68,"['뉴스', '시사', '사회', '정치']",https://admin.img.sooplive.co.kr/category_img/2024/10/15/3848670d914523414.jpg,2025-09-26T21:18:15+00:00,soop
00040069,포트나이트,55,"['슈팅', '액션']",https://admin.img.sooplive.co.kr/category_img/2024/10/15/8349670d902a4d86e.jpg,2025-09-26T21:18:15+00:00,soop
00020009,미술,49,['미술'],https://admin.img.sooplive.co.kr/category_img/2024/10/15/6346670d900612d0e.png,2025-09-26T21:18:15+00:00,soop
00350018,검정고무신,46,"['애니메이션', '만화', '추억', '고전']",https://admin.img.sooplive.co.kr/category_img/2024/10/15/6524670d90ebf33ca.jpg,2025-09-26T21:18:15+00:00,soop
00350025,원피스,36,"['애니메이션', '만화', '격투', '모험']",https://admin.img.sooplive.co.kr/category_img/2024/10/15/9686670d90ed1046f.jpg,2025-09-26T21:18:15+00:00,soop
00360113,마비노기 모바일,33,"['MMORPG', '모바일']",https://admin.img.sooplive.co.kr/category_img/2025/03/27/500367e4b6fc56852.jpg,2025-09-26T21:18:15+00:00,soop
00040096,천하제일상 거상,32,"['MMORPG', 'PC']",https://admin.img.sooplive.co.kr/category_img/2024/10/15/7422670d904320904.jpg,2025-09-26T21:18:15+00:00,soop
00020011,운세,26,['운세'],https://admin.img.sooplive.co.kr/category_img/2024/10/15/8180670d90071d4a0.png,2025-09-26T21:18:15+00:00,soop
00040004,던전앤파이터,25,"['MMORPG', '벨트스크롤']",https://admin.img.sooplive.co.kr/category_img/2024/10/15/1364670d90107069d.jpg,2025-09-26T21:18:15+00:00,soop
00040008,레트로게임,24,['고전'],https://admin.img.sooplive.co.kr/category_img/2024/10/15/3029670d901388446.jpg,2025-09-26T21:18:15+00:00,soop
00040015,아이온,24,"['MMORPG', '어드벤처']",https://admin.img.sooplive.co.kr/category_img/2024/10/15/3287670d9017a8cc7.jpg,2025-09-26T21:18:15+00:00,soop
00360003,모바일 종합게임,24,['모바일게임'],https://admin.img.sooplive.co.kr/category_img/2024/10/15/6098670d90f664702.jpg,2025-09-26T21:18:15+00:00,soop
00040014,카트라이더: 드리프트,23,"['레이싱', '캐주얼']",https://admin.img.sooplive.co.kr/category_img/2024/10/15/9968670d9016a0fce.jpg,2025-09-26T21:18:15+00:00,soop
00040209,하데스 2,23,"['인디게임', '어드벤처']",https://admin.img.sooplive.co.kr/category_img/2024/10/15/8675670d90ab9eea5.jpg,2025-09-26T21:18:15+00:00,soop
00800000,WWE,21,['WWE'],https://admin.img.sooplive.co.kr/category_img/2024/10/15/4428670d915bf27ad.jpg,2025-09-26T21:18:15+00:00,soop
00040236,사일런트 힐 2,20,"['어드벤처', '서바이벌', 'PC']",https://admin.img.sooplive.co.kr/category_img/2024/10/15/2129670d90c37f152.png,2025-09-26T21:18:15+00:00,soop
00270008,주식,15,"['금융', '주가', '재테크']",https://admin.img.sooplive.co.kr/category_img/2024/10/15/7917670d90df82772.png,2025-09-26T21:18:15+00:00,soop
00040067,로스트아크,14,['MMORPG'],https://admin.img.sooplive.co.kr/category_img/2025/08/20/320568a51ee91fd1a.jpg,2025-09-26T21:18:15+00:00,soop
00040249,패스 오브 엑자일 2,14,"['액션', 'RPG']",https://admin.img.sooplive.co.kr/category_img/2024/12/04/2439675004ecadea3.jpg,2025-09-26T21:18:15+00:00,soop
00960019,실미도,14,"['영화', '같이보기']",https://admin.img.sooplive.co.kr/category_img/2025/09/17/758068ca519fdbf4b.jpg,2025-09-26T21:18:15+00:00,soop
00040080,데드 바이 데이라이트,13,"['공포', '인디게임']",https://admin.img.sooplive.co.kr/category_img/2024/10/15/5951670d903399abf.jpg,2025-09-26T21:18:15+00:00,soop
00570013,마인드 스포츠,13,['마인드스포츠'],https://admin.img.sooplive.co.kr/category_img/2024/10/28/9326671f2f742b593.jpg,2025-09-26T21:18:15+00:00,soop
00570004,토크/분석,12,"['토크', '분석']",https://admin.img.sooplive.co.kr/category_img/2024/10/15/3546670d914b6739d.jpg,2025-09-26T21:18:15+00:00,soop
00040073,Apex 레전드,10,"['슈팅', 'FPS']",https://admin.img.sooplive.co.kr/category_img/2024/10/15/5237670d902c643d1.jpg,2025-09-26T21:18:15+00:00,soop
00670000,낚시,10,['낚시'],https://admin.img.sooplive.co.kr/category_img/2024/10/15/4671670d9155c01c8.jpg,2025-09-26T21:18:15+00:00,soop
00040163,철권 8,9,"['격투', '액션']",https://admin.img.sooplive.co.kr/category_img/2024/10/15/8801670d907c13113.jpg,2025-09-26T21:18:15+00:00,soop
00290006,종교,8,"['교양', '학습']",https://admin.img.sooplive.co.kr/category_img/2024/10/15/3276670d90e4affa7.png,2025-09-26T21:18:15+00:00,soop
00390006,TV CHOSUN,8,"['뉴스', '시사', '종편', '예능', '사회', '정치']",https://admin.img.sooplive.co.kr/category_img/2024/10/15/9857670d91441a338.jpg,2025-09-26T21:18:15+00:00,soop
00040012,리니지,7,"['MMORPG', '어드벤처']",https://admin.img.sooplive.co.kr/category_img/2024/10/15/7928670d90159966d.png,2025-09-26T21:18:15+00:00,soop
00040081,디아블로 II,7,"['RPG', '판타지']",https://admin.img.sooplive.co.kr/category_img/2024/10/15/8884670d9034a29c8.jpg,2025-09-26T21:18:15+00:00,soop
00040128,오버워치 2,7,"['슈팅', '액션', 'FPS']",https://admin.img.sooplive.co.kr/category_img/2025/08/27/898468ae6458234c8.png,2025-09-26T21:18:15+00:00,soop
00360116,작혼: 리치 마작,7,"['모바일', '보드게임']",https://admin.img.sooplive.co.kr/category_img/2025/05/14/34046823fb8a7cf1d.jpg,2025-09-26T21:18:15+00:00,soop
00040107,이스케이프 프롬 타르코프,6,"['슈팅', 'RPG', '시뮬레이션']",https://admin.img.sooplive.co.kr/category_img/2024/10/15/6878670d9049544ae.jpg,2025-09-26T21:18:15+00:00,soop
00040143,디아블로 IV,6,"['RPG', '판타지']",https://admin.img.sooplive.co.kr/category_img/2024/10/15/7147670d906757ce9.jpg,2025-09-26T21:18:15+00:00,soop
00390003,JTBC,6,"['뉴스', '시사', '종편', '사회', '정치']",https://admin.img.sooplive.co.kr/category_img/2025/03/17/148667d7dcd14eabd.jpg,2025-09-26T21:18:15+00:00,soop
00040020,디아블로 III,5,"['RPG', '판타지']",https://admin.img.sooplive.co.kr/category_img/2024/11/12/23696732c4b55338c.jpg,2025-09-26T21:18:15+00:00,soop
00040345,F1 25,5,['레이싱'],https://admin.img.sooplive.co.kr/category_img/2025/09/08/641168be41e11a06f.png,2025-09-26T21:18:15+00:00,soop
00720000,LCK,5,['MOBA'],https://admin.img.sooplive.co.kr/category_img/2024/10/15/1707670d9156ca223.jpg,2025-09-26T21:18:15+00:00,soop
00970000,장애인스포츠,5,"['장애인스포츠', '대한장애인체육회', '대한체육회', '휠체어농구', '파라하키']",https://admin.img.sooplive.co.kr/category_img/2025/03/25/384567e20c5e69234.jpg,2025-09-26T21:18:15+00:00,soop
00040303,세피리아,3,"['로그라이트', '액션']",https://admin.img.sooplive.co.kr/category_img/2025/04/22/65866806fb66a6389.png,2025-09-26T21:18:15+00:00,soop
00190000,격투기,3,"['격투', '격투기', 'MMA']",https://admin.img.sooplive.co.kr/category_img/2024/10/15/9693670d90d740e86.jpg,2025-09-26T21:18:15+00:00,soop
00290001,자습,3,"['공부', '교양', '스터디', '학습']",https://admin.img.sooplive.co.kr/category_img/2024/10/15/6934670d90e194e3c.jpg,2025-09-26T21:18:15+00:00,soop
00390004,MBN,3,"['뉴스', '시사', '종편', '예능', '사회', '정치']",https://admin.img.sooplive.co.kr/category_img/2024/10/15/7050670d9143112d1.jpg,2025-09-26T21:18:15+00:00,soop
00030003,노래방,2,['노래방'],https://admin.img.sooplive.co.kr/category_img/2024/10/15/6936670d900b45f84.jpg,2025-09-26T21:18:15+00:00,soop
00040087,이카루스,2,"['MMORPG', 'PC']",https://admin.img.sooplive.co.kr/category_img/2024/10/15/1502670d9039cbac9.jpg,2025-09-26T21:18:15+00:00,soop
00040181,스펠렁키 2,2,"['플랫폼게임', '어드벤처']",https://admin.img.sooplive.co.kr/category_img/2024/10/15/7476670d908ea46dd.jpg,2025-09-26T21:18:15+00:00,soop
00170000,국내프로축구,2,['축구'],https://admin.img.sooplive.co.kr/category_img/2024/10/15/5301670d90d53050e.jpg,2025-09-26T21:18:15+00:00,soop
00360021,리니지2:레볼루션,2,"['모바일게임', 'MMORPG']",https://admin.img.sooplive.co.kr/category_img/2024/10/15/6309670d90fa8c859.jpg,2025-09-26T21:18:15+00:00,soop
00360022,리니지M,2,"['모바일게임', 'MMORPG']",https://admin.img.sooplive.co.kr/category_img/2024/10/15/7235670d90fb93b70.jpg,2025-09-26T21:18:15+00:00,soop
00360069,오딘: 발할라 라이징,2,"['모바일게임', 'MMORPG']",https://admin.img.sooplive.co.kr/category_img/2024/10/15/6622670d911aa5f7d.png,2025-09-26T21:18:15+00:00,soop
00360102,젠레스 존 제로,2,"['모바일게임', 'RPG', 'HoYoverse']",https://admin.img.sooplive.co.kr/category_img/2024/10/15/1290670d913bc752d.jpg,2025-09-26T21:18:15+00:00,soop
00040016,스타크래프트 II,1,"['전략', '시뮬레이션', 'RTS']",https://admin.img.sooplive.co.kr/category_img/2024/10/15/6566670d9018b245d.jpg,2025-09-26T21:18:15+00:00,soop
00040346,보더랜드 4,1,"['FPS', 'RPG', '루트슈터']",https://admin.img.sooplive.co.kr/category_img/2025/09/09/353868bfda3ee463b.png,2025-09-26T21:18:15+00:00,soop
00270007,기타 금융,1,['기타금융'],https://admin.img.sooplive.co.kr/category_img/2024/10/15/5524670d90de7b0a6.jpg,2025-09-26T21:18:15+00:00,soop
00290007,경제,1,"['재테크', '부동산', '교양', '학습']",https://admin.img.sooplive.co.kr/category_img/2024/10/15/5826670d90e5b7dd9.jpg,2025-09-26T21:18:15+00:00,soop
00360030,검은사막M,1,"['모바일게임', 'MMORPG']",https://admin.img.sooplive.co.kr/category_img/2025/08/26/945268ad49c3a1371.jpg,2025-09-26T21:18:15+00:00,soop
00570002,당구,1,['당구'],https://admin.img.sooplive.co.kr/category_img/2024/10/15/4919670d914955d36.jpg,2025-09-26T21:18:15+00:00,soop
00570005,기타 스포츠,1,['기타스포츠'],https://admin.img.sooplive.co.kr/category_img/2024/10/15/7029670d914c709f1.jpg,2025-09-26T21:18:15+00:00,soop
00570007,골프,1,['골프'],https://admin.img.sooplive.co.kr/category_img/2024/10/15/8814670d914e803d6.jpg,2025-09-26T21:18:15+00:00,soop
00020006,뷰티,0,['뷰티'],https://admin.img.sooplive.co.kr/category_img/2024/10/15/2819670d9003ef162.png,2025-09-26T21:18:15+00:00,soop
00020012,숲토어,0,['숲토어'],https://admin.img.sooplive.co.kr/category_img/2024/10/15/4375670d900825438.png,2025-09-26T21:18:15+00:00,soop
00030005,X2,0,"['X2', '엑스투']",https://admin.img.sooplive.co.kr/category_img/2024/10/15/9074670d900c4e6c8.jpg,2025-09-26T21:18:15+00:00,soop
00040002,워크래프트 III,0,"['전략', '시뮬레이션', 'RTS']",https://admin.img.sooplive.co.kr/category_img/2024/11/11/665767318e1d2925a.jpg,2025-09-26T21:18:15+00:00,soop
00040022,블레이드 앤 소울,0,"['MMORPG', '어드벤처']",https://admin.img.sooplive.co.kr/category_img/2024/10/15/2107670d901cd1d55.png,2025-09-26T21:18:15+00:00,soop
00040033,사이퍼즈,0,"['MOBA', '액션']",https://admin.img.sooplive.co.kr/category_img/2024/10/15/7977670d901ee22d1.png,2025-09-26T21:18:15+00:00,soop
00040039,하스스톤,0,['TCG'],https://admin.img.sooplive.co.kr/category_img/2024/10/15/5261670d902101a09.jpg,2025-09-26T21:18:15+00:00,soop
00040040,마비노기,0,"['MMORPG', '어드벤처']",https://admin.img.sooplive.co.kr/category_img/2024/10/15/1384670d9022097f8.png,2025-09-26T21:18:15+00:00,soop
00040042,버블파이터,0,"['슈팅', '캐주얼']",https://admin.img.sooplive.co.kr/category_img/2024/10/15/4435670d9023130f4.png,2025-09-26T21:18:15+00:00,soop
00040043,테일즈런너,0,"['레이싱', '액션', 'PC']",https://admin.img.sooplive.co.kr/category_img/2024/10/15/6423670d90241b232.jpg,2025-09-26T21:18:15+00:00,soop
00040050,히어로즈 오브 더 스톰,0,"['MOBA', '액션']",https://admin.img.sooplive.co.kr/category_img/2024/10/15/1854670d9025230a2.jpg,2025-09-26T21:18:15+00:00,soop
00040061,철권 7,0,"['격투', '액션']",https://admin.img.sooplive.co.kr/category_img/2024/10/15/8301670d90262c804.jpg,2025-09-26T21:18:15+00:00,soop
00040065,바람의나라,0,"['MMORPG', '어드벤처']",https://admin.img.sooplive.co.kr/category_img/2024/10/15/6188670d902736d76.jpg,2025-09-26T21:18:15+00:00,soop
00040074,패스 오브 엑자일,0,"['액션', 'RPG']",https://admin.img.sooplive.co.kr/category_img/2024/10/15/7076670d902d6bebb.jpg,2025-09-26T21:18:15+00:00,soop
00040076,오토 체스,0,"['전략', '오토배틀러']",https://admin.img.sooplive.co.kr/category_img/2024/10/15/9237670d902f7ae4c.jpg,2025-09-26T21:18:15+00:00,soop
00040077,아크 서바이벌 이볼브드,0,"['슈팅', '액션']",https://admin.img.sooplive.co.kr/category_img/2024/10/15/7818670d90308292a.jpg,2025-09-26T21:18:15+00:00,soop
00040078,카운터 스트라이크 2,0,"['슈팅', '액션']",https://admin.img.sooplive.co.kr/category_img/2024/10/15/1519670d90318a084.jpg,2025-09-26T21:18:15+00:00,soop
00040079,다크에덴,0,"['MMORPG', '판타지']",https://admin.img.sooplive.co.kr/category_img/2024/10/15/3097670d903291fad.jpg,2025-09-26T21:18:15+00:00,soop
00040082,도타2,0,"['MOBA', '전략']",https://admin.img.sooplive.co.kr/category_img/2024/10/15/2951670d9035aaf48.jpg,2025-09-26T21:18:15+00:00,soop
00040083,엘소드,0,"['MMORPG', '액션', '어드벤쳐']",https://admin.img.sooplive.co.kr/category_img/2024/10/15/7971670d9036b286b.jpg,2025-09-26T21:18:15+00:00,soop
00040085,프리스타일,0,['스포츠게임'],https://admin.img.sooplive.co.kr/category_img/2024/10/15/7904670d9037bac82.jpg,2025-09-26T21:18:15+00:00,soop
00040086,겟앰프드,0,"['격투', '캐주얼']",https://admin.img.sooplive.co.kr/category_img/2024/10/15/8965670d9038c250b.jpg,2025-09-26T21:18:15+00:00,soop
00040088,마구마구,0,"['스포츠게임', '한게임', 'PC']",https://admin.img.sooplive.co.kr/category_img/2024/10/15/2697670d903ad2c07.jpg,2025-09-26T21:18:15+00:00,soop
00040089,메이플스토리2,0,"['MMORPG', '어드벤처']",https://admin.img.sooplive.co.kr/category_img/2024/10/15/9606670d903bda2d4.png,2025-09-26T21:18:15+00:00,soop
00040090,몬스터 헌터 월드: 아이스본,0,"['RPG', '어드벤처', '액션']",https://admin.img.sooplive.co.kr/category_img/2025/02/19/622867b57bb35722e.jpg,2025-09-26T21:18:15+00:00,soop
00040091,osu!,0,"['리듬게임', '액션']",https://admin.img.sooplive.co.kr/category_img/2024/10/15/9076670d903deb71f.jpg,2025-09-26T21:18:15+00:00,soop
00040092,R2,0,"['MMORPG', '어드벤처']",https://admin.img.sooplive.co.kr/category_img/2024/10/15/4237670d903f004fa.jpg,2025-09-26T21:18:15+00:00,soop
00040093,라그나로크 온라인,0,"['MMORPG', '어드벤처']",https://admin.img.sooplive.co.kr/category_img/2024/10/15/3922670d904007eb4.png,2025-09-26T21:18:15+00:00,soop
00040094,톰 클랜시의 레인보우 식스 시즈,0,"['슈팅', 'FPS', '액션']",https://admin.img.sooplive.co.kr/category_img/2024/10/15/5451670d90410fee3.png,2025-09-26T21:18:15+00:00,soop
00040095,슬러거,0,"['스포츠게임', 'PC']",https://admin.img.sooplive.co.kr/category_img/2024/10/15/8142670d90421860c.jpg,2025-09-26T21:18:15+00:00,soop
00040099,트리 오브 세이비어,0,"['MMORPG', '어드벤처']",https://admin.img.sooplive.co.kr/category_img/2024/10/15/7961670d90442a5a2.jpg,2025-09-26T21:18:15+00:00,soop
00040102,월드 오브 탱크,0,"['슈팅', '전략']",https://admin.img.sooplive.co.kr/category_img/2024/10/15/4985670d9045321f8.jpg,2025-09-26T21:18:15+00:00,soop
00040103,레전드 오브 룬테라,0,"['TCG', '전략', '라이엇게임즈']",https://admin.img.sooplive.co.kr/category_img/2024/10/15/6130670d90463b339.png,2025-09-26T21:18:15+00:00,soop
00040105,검은사막,0,"['MMORPG', '어드벤처']",https://admin.img.sooplive.co.kr/category_img/2025/08/20/357868a556e754d5d.jpg,2025-09-26T21:18:15+00:00,soop
00040106,스컬: 더 히어로 슬레이어,0,"['인디게임', '로그라이크']",https://admin.img.sooplive.co.kr/category_img/2024/10/15/3032670d90484b22d.jpg,2025-09-26T21:18:15+00:00,soop
00040108,콜 오브 듀티,0,"['슈팅', '액션']",https://admin.img.sooplive.co.kr/category_img/2024/10/15/3875670d904a5d162.jpg,2025-09-26T21:18:15+00:00,soop
00040111,모여봐요 동물의 숲,0,"['시뮬레이션', '오픈월드']",https://admin.img.sooplive.co.kr/category_img/2024/10/15/6741670d904c6d16b.png,2025-09-26T21:18:15+00:00,soop
00040114,폴 가이즈,0,"['플랫폼게임', '배틀로얄', '캐주얼']",https://admin.img.sooplive.co.kr/category_img/2024/10/15/6850670d904d75997.jpg,2025-09-26T21:18:15+00:00,soop
00040115,어몽 어스,0,"['마피아', '생존', '심리']",https://admin.img.sooplive.co.kr/category_img/2024/10/15/5627670d904e7d41e.jpg,2025-09-26T21:18:15+00:00,soop
00040116,헌터스 아레나: 레전드,0,"['MMORPG', '어드벤처']",https://admin.img.sooplive.co.kr/category_img/2024/10/15/4270670d904f85892.jpg,2025-09-26T21:18:15+00:00,soop
00040117,포켓몬스터 스칼렛 · 바이올렛,0,"['RPG', '어드벤처']",https://admin.img.sooplive.co.kr/category_img/2024/10/15/9986670d90508dfbe.jpg,2025-09-26T21:18:15+00:00,soop
00040119,사이버펑크 2077,0,"['어드벤처', '슈팅']",https://admin.img.sooplive.co.kr/category_img/2024/10/15/5238670d905196875.png,2025-09-26T21:18:15+00:00,soop
00040120,이터널 리턴,0,"['MOBA', '배틀로얄']",https://admin.img.sooplive.co.kr/category_img/2024/12/05/904567513d1a177c6.png,2025-09-26T21:18:15+00:00,soop
00040122,블레이드 어썰트,0,['액션'],https://admin.img.sooplive.co.kr/category_img/2024/10/15/7359670d9054b23e0.jpg,2025-09-26T21:18:15+00:00,soop
00040124,FIFA 23,0,"['스포츠게임', '시뮬레이션']",https://admin.img.sooplive.co.kr/category_img/2024/10/15/9751670d9055bad69.jpg,2025-09-26T21:18:15+00:00,soop
00040126,아키에이지,0,"['MMORPG', '판타지', '어드벤처']",https://admin.img.sooplive.co.kr/category_img/2024/10/15/6309670d9056c2a7c.jpg,2025-09-26T21:18:15+00:00,soop
00040127,커츠펠,0,"['액션', 'PC']",https://admin.img.sooplive.co.kr/category_img/2024/10/15/7904670d9057c9f84.jpg,2025-09-26T21:18:15+00:00,soop
00040129,Football Manager 2024,0,"['스포츠게임', '시뮬레이션', '축구']",https://admin.img.sooplive.co.kr/category_img/2024/10/15/6496670d9059dd087.jpg,2025-09-26T21:18:15+00:00,soop
00040131,VRChat,0,"['버추얼', 'VR']",https://admin.img.sooplive.co.kr/category_img/2024/10/15/6497670d905ae57e7.jpg,2025-09-26T21:18:15+00:00,soop
00040132,갓 오브 워 라그나로크,0,"['어드벤처', '액션']",https://admin.img.sooplive.co.kr/category_img/2024/10/15/6909670d905becf0a.jpg,2025-09-26T21:18:15+00:00,soop
00040133,소닉 프론티어,0,"['액션', '어드벤처']",https://admin.img.sooplive.co.kr/category_img/2024/10/15/9191670d905cf3efd.jpg,2025-09-26T21:18:15+00:00,soop
00040134,페르소나 5 더 로열,0,"['RPG', '어드벤처']",https://admin.img.sooplive.co.kr/category_img/2024/10/15/7229670d905e09265.jpg,2025-09-26T21:18:15+00:00,soop
00040135,eFootball 2024,0,"['스포츠게임', '축구', '시뮬레이션']",https://admin.img.sooplive.co.kr/category_img/2024/10/15/9678670d905f12c84.jpg,2025-09-26T21:18:15+00:00,soop
00040136,칼리스토 프로토콜,0,"['슈팅', '공포', '액션', '생존']",https://admin.img.sooplive.co.kr/category_img/2024/10/15/9827670d90601a819.jpg,2025-09-26T21:18:15+00:00,soop
00040137,유희왕 마스터 듀얼,0,"['전략', 'TCG']",https://admin.img.sooplive.co.kr/category_img/2024/10/15/7623670d906122761.jpg,2025-09-26T21:18:15+00:00,soop
00040138,데드 스페이스,0,"['슈팅', '공포', '액션', '생존']",https://admin.img.sooplive.co.kr/category_img/2024/10/15/5198670d90622b041.jpg,2025-09-26T21:18:15+00:00,soop
00040139,용과 같이 유신! 극,0,"['어드벤처', '액션']",https://admin.img.sooplive.co.kr/category_img/2024/10/15/8956670d906336497.jpg,2025-09-26T21:18:15+00:00,soop
00040140,와룡: 폴른 다이너스티,0,"['RPG', '액션']",https://admin.img.sooplive.co.kr/category_img/2024/10/15/4706670d90643f4d5.jpg,2025-09-26T21:18:15+00:00,soop
00040141,더 파이널스,0,"['슈팅', 'FPS']",https://admin.img.sooplive.co.kr/category_img/2025/09/11/249868c27daf6601c.png,2025-09-26T21:18:15+00:00,soop
00040142,프라시아 전기,0,"['MMORPG', '액션']",https://admin.img.sooplive.co.kr/category_img/2024/10/15/2652670d906650142.jpg,2025-09-26T21:18:15+00:00,soop
00040144,스타워즈 제다이: 서바이버,0,"['어드벤처', '액션']",https://admin.img.sooplive.co.kr/category_img/2024/10/15/2597670d90685f3de.jpg,2025-09-26T21:18:15+00:00,soop
00040145,아웃라스트 트라이얼,0,"['공포', '인디게임']",https://admin.img.sooplive.co.kr/category_img/2024/10/15/2041670d90696713f.jpg,2025-09-26T21:18:15+00:00,soop
00040146,러스트,0,"['생존', '인디게임']",https://admin.img.sooplive.co.kr/category_img/2024/10/15/3129670d906a6e92a.png,2025-09-26T21:18:15+00:00,soop
00040147,라쳇 & 클랭크: 리프트 어파트,0,"['슈팅', '플랫폼게임']",https://admin.img.sooplive.co.kr/category_img/2024/10/15/8782670d906b7e51f.png,2025-09-26T21:18:15+00:00,soop
00040148,발더스 게이트 3,0,"['RPG', '어드벤처', '전략', '액션']",https://admin.img.sooplive.co.kr/category_img/2024/10/15/1125670d906c864d6.png,2025-09-26T21:18:15+00:00,soop
00040149,이모탈스 오브 아베움,0,"['슈팅', '판타지', '어드벤처']",https://admin.img.sooplive.co.kr/category_img/2024/10/15/2181670d906d8e65c.jpg,2025-09-26T21:18:15+00:00,soop
00040150,데스티니 가디언즈,0,"['슈팅', '어드벤처', 'RPG']",https://admin.img.sooplive.co.kr/category_img/2024/10/15/4980670d906e962c2.jpg,2025-09-26T21:18:15+00:00,soop
00040151,P의 거짓,0,"['어드벤처', 'RPG', '판타지']",https://admin.img.sooplive.co.kr/category_img/2024/10/15/4664670d906f9dbd8.jpg,2025-09-26T21:18:15+00:00,soop
00040152,스톰 스트라이커,0,"['TPS ', 'FPS']",https://admin.img.sooplive.co.kr/category_img/2024/10/15/5032670d9070a514d.jpg,2025-09-26T21:18:15+00:00,soop
00040153,EA Sports FC 24,0,"['스포츠게임', '축구', '시뮬레이션']",https://admin.img.sooplive.co.kr/category_img/2024/10/15/1778670d9071aea40.jpg,2025-09-26T21:18:15+00:00,soop
00040154,Only Climb: Better Together,0,"['액션', '어드벤처']",https://admin.img.sooplive.co.kr/category_img/2024/10/15/6048670d9072b680e.jpg,2025-09-26T21:18:15+00:00,soop
00040155,앨런 웨이크 2,0,"['서바이벌', '호러']",https://admin.img.sooplive.co.kr/category_img/2024/10/15/9959670d9073be407.jpg,2025-09-26T21:18:15+00:00,soop
00040156,쓰론 앤 리버티,0,['MMORPG'],https://admin.img.sooplive.co.kr/category_img/2024/10/15/6874670d9074cc61d.jpg,2025-09-26T21:18:15+00:00,soop
00040157,스트리트 파이터 6,0,"['격투', '액션']",https://admin.img.sooplive.co.kr/category_img/2024/10/15/8639670d9075d48f9.jpg,2025-09-26T21:18:15+00:00,soop
00040159,다크 앤 다커,0,"['FPS', '어드벤처', 'RPG']",https://admin.img.sooplive.co.kr/category_img/2024/10/15/6962670d9077e68a3.jpg,2025-09-26T21:18:15+00:00,soop
00040161,용과 같이8,0,"['어드벤처', '액션']",https://admin.img.sooplive.co.kr/category_img/2024/10/15/9569670d907a02c40.jpg,2025-09-26T21:18:15+00:00,soop
00040162,리썰 컴퍼니,0,"['액션', '공포']",https://admin.img.sooplive.co.kr/category_img/2024/10/15/7865670d907b0b076.png,2025-09-26T21:18:15+00:00,soop
00040164,페르소나 3 리로드,0,"['RPG', '어드벤처']",https://admin.img.sooplive.co.kr/category_img/2024/10/15/8607670d907d1a662.jpg,2025-09-26T21:18:15+00:00,soop
00040165,그랑블루 판타지 Relink,0,"['RPG', '액션']",https://admin.img.sooplive.co.kr/category_img/2024/10/15/9596670d907e218a9.jpg,2025-09-26T21:18:15+00:00,soop
00040166,파피 플레이타임,0,"['어드벤처', '공포']",https://admin.img.sooplive.co.kr/category_img/2025/01/31/4662679c75adbcad8.png,2025-09-26T21:18:15+00:00,soop
00040167,알투비트,0,"['리듬게임', 'PC']",https://admin.img.sooplive.co.kr/category_img/2024/10/15/1659670d908031688.jpg,2025-09-26T21:18:15+00:00,soop
00040168,더 킹 오브 파이터즈 98,0,"['격투', 'SNK']",https://admin.img.sooplive.co.kr/category_img/2024/10/15/1137670d90813925d.jpg,2025-09-26T21:18:15+00:00,soop
00040169,더 킹 오브 파이터즈 2002,0,"['격투', 'SNK']",https://admin.img.sooplive.co.kr/category_img/2024/10/15/7586670d908240e64.jpg,2025-09-26T21:18:15+00:00,soop
00040170,더 킹 오브 파이터즈 XV,0,"['격투', 'SNK']",https://admin.img.sooplive.co.kr/category_img/2024/10/15/9718670d908347df7.jpg,2025-09-26T21:18:15+00:00,soop
00040171,스트리트 파이터 II,0,"['격투', '액션']",https://admin.img.sooplive.co.kr/category_img/2024/10/15/5290670d90844fb61.jpg,2025-09-26T21:18:15+00:00,soop
00040172,헬다이버즈 2,0,"['슈팅', 'TPS']",https://admin.img.sooplive.co.kr/category_img/2024/10/15/8962670d908557a38.jpg,2025-09-26T21:18:15+00:00,soop
00040173,엘든 링,0,"['RPG', '어드벤처']",https://admin.img.sooplive.co.kr/category_img/2024/10/15/7066670d90865f941.jpg,2025-09-26T21:18:15+00:00,soop
00040174,나이팅게일,0,"['RPG', '어드벤처']",https://admin.img.sooplive.co.kr/category_img/2024/10/15/7271670d908768637.jpg,2025-09-26T21:18:15+00:00,soop
00040175,크레이지 아케이드,0,"['아케이드', 'PC']",https://admin.img.sooplive.co.kr/category_img/2024/10/15/4996670d90887018b.jpg,2025-09-26T21:18:15+00:00,soop
00040176,발라트로,0,"['TCG', '로그라이크', '전략']",https://admin.img.sooplive.co.kr/category_img/2024/10/15/1278670d90897c302.png,2025-09-26T21:18:15+00:00,soop
00040177,라스트 에포크,0,"['어드벤처', '핵앤슬래시']",https://admin.img.sooplive.co.kr/category_img/2024/10/15/6102670d908a83911.png,2025-09-26T21:18:15+00:00,soop
00040178,포 더 킹 II,0,"['RPG', '전략']",https://admin.img.sooplive.co.kr/category_img/2024/10/15/3959670d908b8b60e.jpg,2025-09-26T21:18:15+00:00,soop
00040179,로블록스,0,"['오픈월드', '샌드박스', 'RPG']",https://admin.img.sooplive.co.kr/category_img/2024/10/15/8269670d908c932f5.png,2025-09-26T21:18:15+00:00,soop
00040180,스플래툰 3,0,"['슈팅', '플랫폼게임']",https://admin.img.sooplive.co.kr/category_img/2024/10/15/4526670d908d9ae99.jpg,2025-09-26T21:18:15+00:00,soop
00040182,데이 아 빌리언즈,0,"['RTS', '전략']",https://admin.img.sooplive.co.kr/category_img/2024/10/15/5703670d908fae5d8.jpg,2025-09-26T21:18:15+00:00,soop
00040183,딥 락 갤럭틱: 서바이버,0,"['어드벤처', '액션']",https://admin.img.sooplive.co.kr/category_img/2024/10/15/2341670d9090b63dd.png,2025-09-26T21:18:15+00:00,soop
00040184,아이작의 번제: 리버스,0,"['어드벤처', '아케이드']",https://admin.img.sooplive.co.kr/category_img/2024/10/15/6814670d9091be1b1.jpg,2025-09-26T21:18:15+00:00,soop
00040185,역전재판 123 나루호도 셀렉션,0,"['어드벤처', '시뮬레이션']",https://admin.img.sooplive.co.kr/category_img/2024/10/15/2464670d9092c5c0b.jpg,2025-09-26T21:18:15+00:00,soop
00040186,역전재판 456 오도로키 셀렉션,0,"['어드벤처', '시뮬레이션']",https://admin.img.sooplive.co.kr/category_img/2024/10/15/8394670d9093cdcaf.jpg,2025-09-26T21:18:15+00:00,soop
00040187,어 디피컬트 게임 어바웃 클라이밍,0,"['인디게임', '액션']",https://admin.img.sooplive.co.kr/category_img/2024/10/15/5378670d9094d6011.jpg,2025-09-26T21:18:15+00:00,soop
00040189,프로젝트 좀보이드,0,"['생존', '오픈월드', 'RPG']",https://admin.img.sooplive.co.kr/category_img/2024/10/15/1797670d9096e8dde.jpg,2025-09-26T21:18:15+00:00,soop
00040190,드래곤즈 도그마 II,0,"['RPG', '액션']",https://admin.img.sooplive.co.kr/category_img/2024/10/15/5119670d9097f0ed4.jpg,2025-09-26T21:18:15+00:00,soop
00040191,슬레이 더 스파이어,0,"['어드벤처', '인디게임']",https://admin.img.sooplive.co.kr/category_img/2024/10/15/5870670d909904ea3.jpg,2025-09-26T21:18:15+00:00,soop
00040192,아르마 3,0,"['슈팅', '전략']",https://admin.img.sooplive.co.kr/category_img/2024/10/15/5866670d909a0f3c0.jpg,2025-09-26T21:18:15+00:00,soop
00040193,다크 소울 III,0,"['어드벤처', 'RPG']",https://admin.img.sooplive.co.kr/category_img/2024/10/15/7281670d909b1705e.jpg,2025-09-26T21:18:15+00:00,soop
00040194,다크 소울: 리마스터,0,"['어드벤처', 'RPG']",https://admin.img.sooplive.co.kr/category_img/2024/10/15/1901670d909c1f68f.jpg,2025-09-26T21:18:15+00:00,soop
00040195,스타듀 밸리,0,"['인디게임', '시뮬레이션']",https://admin.img.sooplive.co.kr/category_img/2024/10/15/7304670d909d29fb6.jpg,2025-09-26T21:18:15+00:00,soop
00040196,삼국지 14,0,"['시뮬레이션', '전략']",https://admin.img.sooplive.co.kr/category_img/2024/10/15/5987670d909e3250a.jpg,2025-09-26T21:18:15+00:00,soop
00040197,림월드,0,"['RTS', '인디게임']",https://admin.img.sooplive.co.kr/category_img/2024/10/15/4402670d909f3a645.png,2025-09-26T21:18:15+00:00,soop
00040198,슈퍼마켓 시뮬레이터,0,"['시뮬레이션', '전략']",https://admin.img.sooplive.co.kr/category_img/2024/10/15/7478670d90a042040.jpg,2025-09-26T21:18:15+00:00,soop
00040199,더 게임 오브 시시포스,0,"['어드벤처', '인디게임']",https://admin.img.sooplive.co.kr/category_img/2024/10/15/7177670d90a14a2a1.jpg,2025-09-26T21:18:15+00:00,soop
00040200,아세토 코르사,0,"['레이싱', '시뮬레이션']",https://admin.img.sooplive.co.kr/category_img/2024/10/15/2380670d90a25378d.jpg,2025-09-26T21:18:15+00:00,soop
00040201,노 레스트 포 더 위키드,0,"['RPG', '전략']",https://admin.img.sooplive.co.kr/category_img/2024/10/15/5108670d90a35af11.jpg,2025-09-26T21:18:15+00:00,soop
00040202,네개의 빛,0,"['인디게임', '시뮬레이션']",https://admin.img.sooplive.co.kr/category_img/2024/10/15/6967670d90a4641c9.jpg,2025-09-26T21:18:15+00:00,soop
00040203,스텔라 블레이드,0,"['오픈월드', '액션', '어드벤처']",https://admin.img.sooplive.co.kr/category_img/2024/10/15/4596670d90a56fa1e.jpg,2025-09-26T21:18:15+00:00,soop
00040204,세븐데이즈 투 다이,0,"['어드벤처', '슈팅']",https://admin.img.sooplive.co.kr/category_img/2024/10/15/9622670d90a677ab0.jpg,2025-09-26T21:18:15+00:00,soop
00040205,매너로드,0,"['RTS', '전략']",https://admin.img.sooplive.co.kr/category_img/2024/10/15/7456670d90a77fcbe.png,2025-09-26T21:18:15+00:00,soop
00040206,엑스컴 2,0,"['전략', '시뮬레이션']",https://admin.img.sooplive.co.kr/category_img/2024/10/15/6231670d90a887b51.jpg,2025-09-26T21:18:15+00:00,soop
00040207,MLB 더쇼 24,0,"['스포츠게임', '시뮬레이션']",https://admin.img.sooplive.co.kr/category_img/2024/10/15/3524670d90a98f241.jpg,2025-09-26T21:18:15+00:00,soop
00040208,인펙션 프리존,0,"['시뮬레이션', 'RTS']",https://admin.img.sooplive.co.kr/category_img/2024/10/15/7411670d90aa97168.jpg,2025-09-26T21:18:15+00:00,soop
00040210,여귀교 2: 자유로운 영혼의 길,0,"['공포', '어드벤처']",https://admin.img.sooplive.co.kr/category_img/2024/10/15/9553670d90acae0dc.jpg,2025-09-26T21:18:15+00:00,soop
00040213,세누아의 전설: 헬블레이드 II,0,"['액션', '어드벤처']",https://admin.img.sooplive.co.kr/category_img/2024/10/15/8798670d90adb84b8.jpg,2025-09-26T21:18:15+00:00,soop
00040215,아이 돈트 폴,0,"['어드벤처', '코미디', 'PC']",https://admin.img.sooplive.co.kr/category_img/2024/10/15/3407670d90aebfe7e.jpg,2025-09-26T21:18:15+00:00,soop
00040216,엘든 링: 황금 나무의 그림자,0,"['오픈월드', 'RPG']",https://admin.img.sooplive.co.kr/category_img/2024/10/15/8467670d90afc7d15.jpg,2025-09-26T21:18:15+00:00,soop
00040219,카운터 스트라이크 온라인,0,"['1인칭', 'FPS']",https://admin.img.sooplive.co.kr/category_img/2024/10/15/3198670d90b1dae63.jpg,2025-09-26T21:18:15+00:00,soop
00040220,스톰게이트,0,"['RTS', '전략']",https://admin.img.sooplive.co.kr/category_img/2024/10/31/7968672338c644efb.jpg,2025-09-26T21:18:15+00:00,soop
00040221,WWE 2K24,0,"['스포츠', '격투']",https://admin.img.sooplive.co.kr/category_img/2024/10/15/9048670d90b3eb264.jpg,2025-09-26T21:18:15+00:00,soop
00040222,Once Human,0,"['오픈월드', '생존', '액션']",https://admin.img.sooplive.co.kr/category_img/2024/10/15/1763670d90b4f34bd.jpg,2025-09-26T21:18:15+00:00,soop
00040223,퍼스트 디센던트,0,"['RPG', 'TPS']",https://admin.img.sooplive.co.kr/category_img/2024/10/15/2683670d90b606ce2.jpg,2025-09-26T21:18:15+00:00,soop
00040224,유로 트럭 시뮬레이터 2,0,"['시뮬레이션', '샌드박스', '오픈월드']",https://admin.img.sooplive.co.kr/category_img/2024/10/15/6004670d90b713dcd.jpg,2025-09-26T21:18:15+00:00,soop
00040225,검은 신화: 오공,0,"['액션', 'RPG']",https://admin.img.sooplive.co.kr/category_img/2024/10/15/2426670d90b81c321.jpg,2025-09-26T21:18:15+00:00,soop
00040226,호연,0,"['MMORPG', '캐주얼']",https://admin.img.sooplive.co.kr/category_img/2024/10/15/4441670d90b924e29.jpg,2025-09-26T21:18:15+00:00,soop
00040227,인조이,0,"['시뮬레이션', 'PC']",https://admin.img.sooplive.co.kr/category_img/2025/03/18/582867d8cc3d3bbd2.jpg,2025-09-26T21:18:15+00:00,soop
00040228,스타워즈: 아웃로,0,"['오픈월드', '액션']",https://admin.img.sooplive.co.kr/category_img/2024/10/15/9040670d90bb34df5.jpg,2025-09-26T21:18:15+00:00,soop
00040229,크라임 씬 클리너,0,"['시뮬레이션', 'PC']",https://admin.img.sooplive.co.kr/category_img/2024/10/15/3406670d90bc3fd62.jpg,2025-09-26T21:18:15+00:00,soop
00040230,슈퍼바이브,0,"['배틀로얄', 'AOS']",https://admin.img.sooplive.co.kr/category_img/2025/07/29/847868882b46d35b1.png,2025-09-26T21:18:15+00:00,soop
00040231,마법소녀 즈큥도큥,0,"['시뮬레이션', '코미디']",https://admin.img.sooplive.co.kr/category_img/2024/10/15/1680670d90be5226f.png,2025-09-26T21:18:15+00:00,soop
00040232,역전검사,0,"['어드벤처', '시뮬레이션']",https://admin.img.sooplive.co.kr/category_img/2024/10/15/8435670d90bf5b34d.jpg,2025-09-26T21:18:15+00:00,soop
00040233,EA Sports FC 25,0,"['스포츠게임', '축구', '시뮬레이션']",https://admin.img.sooplive.co.kr/category_img/2024/10/15/5950670d90c06318e.jpg,2025-09-26T21:18:15+00:00,soop
00040234,프로스트펑크 2,0,"['생존', '시뮬레이션']",https://admin.img.sooplive.co.kr/category_img/2024/10/15/6018670d90c16f7b4.jpg,2025-09-26T21:18:15+00:00,soop
00040235,젤다의 전설 지혜의 투영,0,"['오픈월드', '어드벤처', '콘솔']",https://admin.img.sooplive.co.kr/category_img/2024/10/15/1601670d90c2771c5.jpg,2025-09-26T21:18:15+00:00,soop
00040237,PUBG: 블라인드스팟,0,"['슈팅', 'FPS']",https://admin.img.sooplive.co.kr/category_img/2025/02/19/227567b57c9fc5cf6.jpg,2025-09-26T21:18:15+00:00,soop
00040238,몬스터 헌터 와일즈,0,"['액션', '헌팅', '콘솔']",https://admin.img.sooplive.co.kr/category_img/2024/10/31/381467230773b9b88.jpg,2025-09-26T21:18:15+00:00,soop
00040239,제로 시버트,0,"['생존', '슈팅']",https://admin.img.sooplive.co.kr/category_img/2024/10/31/67666723095b10f7a.jpg,2025-09-26T21:18:15+00:00,soop
00040240,슈퍼 마리오 파티 잼버리,0,"['아케이드', '파티', '닌텐도']",https://admin.img.sooplive.co.kr/category_img/2024/10/31/7085672308269fe84.jpg,2025-09-26T21:18:15+00:00,soop
00040242,주,0,"['공포', '미스터리']",https://admin.img.sooplive.co.kr/category_img/2024/11/20/8382673d6aa4ea479.jpg,2025-09-26T21:18:15+00:00,soop
00040243,쁘띠 아일랜드,0,"['오픈월드', '어드벤처']",https://admin.img.sooplive.co.kr/category_img/2024/11/20/8921673d6cad931b6.jpg,2025-09-26T21:18:15+00:00,soop
00040244,스토커 2: 초르노빌의 심장부,0,"['오픈월드', 'RPG', '액션', 'GSC게임월드']",https://admin.img.sooplive.co.kr/category_img/2024/11/21/5485673ec1e68f7aa.jpg,2025-09-26T21:18:15+00:00,soop
00040245,WJMAX,0,"['리듬게임', 'PC']",https://admin.img.sooplive.co.kr/category_img/2024/11/25/898767440661ec54c.jpg,2025-09-26T21:18:15+00:00,soop
00040246,락다운 프로토콜,0,"['전략', '캐주얼', '액션']",https://admin.img.sooplive.co.kr/category_img/2024/11/25/5690674407e03d210.jpg,2025-09-26T21:18:15+00:00,soop
00040247,DEADLOCK,0,"['TPS', 'MOBA', '히어로슈터']",https://admin.img.sooplive.co.kr/category_img/2024/12/04/93606750009560702.png,2025-09-26T21:18:15+00:00,soop
00040248,인디아나 존스: 그레이트 서클,0,"['1인칭', '액션', '어드벤처']",https://admin.img.sooplive.co.kr/category_img/2024/12/04/7835675002d66976c.jpg,2025-09-26T21:18:15+00:00,soop
00040250,델타포스,0,"['FPS', '슈팅']",https://admin.img.sooplive.co.kr/category_img/2024/12/06/179167526893cf437.jpg,2025-09-26T21:18:15+00:00,soop
00040251,코난 엑자일,0,"['어드벤처', '생존', '오픈월드']",https://admin.img.sooplive.co.kr/category_img/2024/12/12/5971675a3c4bc7558.png,2025-09-26T21:18:15+00:00,soop
00040252,겟 투 워크,0,"['액션', '플랫폼게임']",https://admin.img.sooplive.co.kr/category_img/2025/01/14/99616785f568c784b.png,2025-09-26T21:18:15+00:00,soop
00040253,마블 라이벌즈,0,"['TPS', '히어로', '슈팅']",https://admin.img.sooplive.co.kr/category_img/2025/01/14/81996785f7eadd06b.png,2025-09-26T21:18:15+00:00,soop
00040254,진 삼국무쌍: ORIGINS,0,"['택티컬', '액션', '콘솔']",https://admin.img.sooplive.co.kr/category_img/2025/01/14/4916678604bb5f12f.png,2025-09-26T21:18:15+00:00,soop
00040255,림버스 컴퍼니,0,"['RPG', 'PC']",https://admin.img.sooplive.co.kr/category_img/2025/01/16/388067885b1758441.png,2025-09-26T21:18:15+00:00,soop
00040256,파워워시 시뮬레이터,0,"['시뮬레이션', 'PC']",https://admin.img.sooplive.co.kr/category_img/2025/01/16/650767885c9370098.png,2025-09-26T21:18:15+00:00,soop
00040257,괴담도시,0,"['어드벤처', 'PC']",https://admin.img.sooplive.co.kr/category_img/2025/01/16/63126788a6a196315.png,2025-09-26T21:18:15+00:00,soop
00040258,메이크 굿 초이스,0,"['시뮬레이션', 'PC']",https://admin.img.sooplive.co.kr/category_img/2025/01/16/92216788a87e96c77.png,2025-09-26T21:18:15+00:00,soop
00040259,미사이드,0,"['공포', 'PC']",https://admin.img.sooplive.co.kr/category_img/2025/01/16/34916788aa5a69c13.png,2025-09-26T21:18:15+00:00,soop
00040260,포켓로그,0,"['RPG', '로그라이트']",https://admin.img.sooplive.co.kr/category_img/2025/01/16/52286788ab8bbb254.png,2025-09-26T21:18:15+00:00,soop
00040261,스트리머 라이프 시뮬레이터2,0,"['시뮬레이션', 'PC']",https://admin.img.sooplive.co.kr/category_img/2025/02/03/272267a01ef791237.png,2025-09-26T21:18:15+00:00,soop
00040262,시드 마이어의 문명 VII,0,"['시뮬레이션', '턴제', 'PC']",https://admin.img.sooplive.co.kr/category_img/2025/02/03/924167a022f86fbce.jpg,2025-09-26T21:18:15+00:00,soop
00040263,시드 마이어의 문명 V,0,"['시뮬레이션', '턴제', 'PC']",https://admin.img.sooplive.co.kr/category_img/2025/02/05/863167a2d71171b84.jpg,2025-09-26T21:18:15+00:00,soop
00040264,시드 마이어의 문명 VI,0,"['시뮬레이션', '턴제', 'PC']",https://admin.img.sooplive.co.kr/category_img/2025/02/05/564667a2d72f57c78.jpg,2025-09-26T21:18:15+00:00,soop
00040265,킹덤 컴: 딜리버런스 II,0,"['1인칭', '오픈월드', 'ARPG', 'PC']",https://admin.img.sooplive.co.kr/category_img/2025/02/06/380067a407281de7f.jpg,2025-09-26T21:18:15+00:00,soop
00040266,헬로 키티 아일랜드 어드벤처,0,"['어드벤처', '시뮬레이션', 'PC']",https://admin.img.sooplive.co.kr/category_img/2025/02/10/880267a99e6abf031.jpg,2025-09-26T21:18:15+00:00,soop
00040267,RF 온라인 넥스트,0,"['MMORPG', 'SF']",https://admin.img.sooplive.co.kr/category_img/2025/02/11/421467aaa1335da9e.jpg,2025-09-26T21:18:15+00:00,soop
00040268,마운트 앤 블레이드 2: 배너로드,0,"['RPG', 'PC']",https://admin.img.sooplive.co.kr/category_img/2025/02/17/411967b2bfd1168b1.jpg,2025-09-26T21:18:15+00:00,soop
00040269,퍼스트 버서커: 카잔,0,"['액션', 'RPG']",https://admin.img.sooplive.co.kr/category_img/2025/02/18/975867b40f844dba6.jpg,2025-09-26T21:18:15+00:00,soop
00040270,체인드 투게더,0,"['액션', '어드벤처']",https://admin.img.sooplive.co.kr/category_img/2025/02/18/565167b411002533a.jpg,2025-09-26T21:18:15+00:00,soop
00040271,코어 키퍼,0,"['어드벤처', 'PC']",https://admin.img.sooplive.co.kr/category_img/2025/02/19/291767b573e08feef.jpg,2025-09-26T21:18:15+00:00,soop
00040272,도시전설 해체센터,0,"['비주얼노벨', '어드벤처']",https://admin.img.sooplive.co.kr/category_img/2025/02/19/509067b57579eaf8a.jpg,2025-09-26T21:18:15+00:00,soop
00040273,트릭샷 시뮬레이터,0,"['시뮬레이션', 'PC']",https://admin.img.sooplive.co.kr/category_img/2025/02/19/355567b5779609786.jpg,2025-09-26T21:18:15+00:00,soop
00040274,몬스터 헌터 라이즈: 선브레이크,0,"['헌팅', '액션']",https://admin.img.sooplive.co.kr/category_img/2025/02/19/283267b5797629171.jpg,2025-09-26T21:18:15+00:00,soop
00040275,파이널 판타지 7 리메이크,0,"['ARPG', '액션']",https://admin.img.sooplive.co.kr/category_img/2025/02/25/577567bd5072444ba.jpg,2025-09-26T21:18:15+00:00,soop
00040276,파이널 판타지 7 리버스,0,"['ARPG', '액션']",https://admin.img.sooplive.co.kr/category_img/2025/02/25/121167bd51e921eb5.jpg,2025-09-26T21:18:15+00:00,soop
00040277,파이널 판타지 15,0,"['ARPG', '액션']",https://admin.img.sooplive.co.kr/category_img/2025/02/25/982867bd53a0694da.jpg,2025-09-26T21:18:15+00:00,soop
00040278,파이널 판타지 16,0,"['ARPG', '액션']",https://admin.img.sooplive.co.kr/category_img/2025/02/25/510567bd54cc0449b.jpg,2025-09-26T21:18:15+00:00,soop
00040279,파이널 판타지 14,0,"['MMORPG', 'PC']",https://admin.img.sooplive.co.kr/category_img/2025/03/04/732967c686fc38548.jpg,2025-09-26T21:18:15+00:00,soop
00040280,WWE 2K25,0,"['스포츠', '격투']",https://admin.img.sooplive.co.kr/category_img/2025/03/05/533067c7d6f9a4814.jpg,2025-09-26T21:18:15+00:00,soop
00040281,드래곤볼 더 브레이커즈,0,"['액션', 'PC']",https://admin.img.sooplive.co.kr/category_img/2025/03/06/579067c93e8c23988.jpg,2025-09-26T21:18:15+00:00,soop
00040282,용과 같이8 외전 Pirates in Hawaii,0,"['액션', '어드벤처']",https://admin.img.sooplive.co.kr/category_img/2025/03/06/444067c9413f5b601.jpg,2025-09-26T21:18:15+00:00,soop
00040283,유니콘 오버로드,0,"['RPG', '시뮬레이션']",https://admin.img.sooplive.co.kr/category_img/2025/03/06/466567c9446b461b1.jpg,2025-09-26T21:18:15+00:00,soop
00040284,스플릿 픽션,0,"['어드벤처', 'PC']",https://admin.img.sooplive.co.kr/category_img/2025/03/07/928767ca7b11d25cd.jpg,2025-09-26T21:18:15+00:00,soop
00040285,젤다의 전설 Breath of the Wild,0,"['액션', '어드벤처']",https://admin.img.sooplive.co.kr/category_img/2025/03/07/393967ca7edc637ac.jpg,2025-09-26T21:18:15+00:00,soop
00040286,젤다의 전설 Tears of the Kingdom,0,"['액션', '어드벤처']",https://admin.img.sooplive.co.kr/category_img/2025/03/07/194267ca820abf5ca.jpg,2025-09-26T21:18:15+00:00,soop
00040287,프래그펑크,0,"['FPS', '슈팅']",https://admin.img.sooplive.co.kr/category_img/2025/03/07/391867ca8458c7f73.jpg,2025-09-26T21:18:15+00:00,soop
00040288,어둠의전설,0,"['MMORPG', 'PC']",https://admin.img.sooplive.co.kr/category_img/2025/03/18/868467d8d91a8e97c.jpg,2025-09-26T21:18:15+00:00,soop
00040289,아크시스템웍스,0,"['격투', '액션']",https://admin.img.sooplive.co.kr/category_img/2025/03/20/472967db742d6668f.jpg,2025-09-26T21:18:15+00:00,soop
00040290,투 포인트 뮤지엄,0,"['캐주얼', 'PC']",https://admin.img.sooplive.co.kr/category_img/2025/03/20/435267db75d51dfb3.jpg,2025-09-26T21:18:15+00:00,soop
00040291,플래닛 주,0,"['시뮬레이션', 'PC']",https://admin.img.sooplive.co.kr/category_img/2025/03/20/182067db77f85f1a1.jpg,2025-09-26T21:18:15+00:00,soop
00040292,어쌔신 크리드 섀도우스,0,"['오픈월드', 'RPG', '액션']",https://admin.img.sooplive.co.kr/category_img/2025/03/20/813467db9ccc39cde.jpg,2025-09-26T21:18:15+00:00,soop
00040293,MLB 더쇼 25,0,"['스포츠게임', '시뮬레이션']",https://admin.img.sooplive.co.kr/category_img/2025/03/21/458167dcedb89a399.jpg,2025-09-26T21:18:15+00:00,soop
00040294,닌자 가이덴 2 블랙,0,"['액션', 'PC']",https://admin.img.sooplive.co.kr/category_img/2025/03/21/482067dcef5dc32e6.jpg,2025-09-26T21:18:15+00:00,soop
00040295,인왕 2 더 컴플리트 에디션,0,"['액션', 'RPG']",https://admin.img.sooplive.co.kr/category_img/2025/03/21/474967dcf0d98d542.jpg,2025-09-26T21:18:15+00:00,soop
00040296,그란 투리스모7,0,"['레이싱', '콘솔']",https://admin.img.sooplive.co.kr/category_img/2025/03/26/376467e399c1a52c1.jpg,2025-09-26T21:18:15+00:00,soop
00040297,R.E.P.O.,0,"['공포', '협동', '코미디']",https://admin.img.sooplive.co.kr/category_img/2025/03/26/463567e39ede27a6e.jpg,2025-09-26T21:18:15+00:00,soop
00040298,BLEACH 리버스 오브 소울즈,0,"['액션', '대전']",https://admin.img.sooplive.co.kr/category_img/2025/03/26/587267e3a2e067007.jpg,2025-09-26T21:18:15+00:00,soop
00040299,귀귀살전,0,"['인디게임', '전략']",https://admin.img.sooplive.co.kr/category_img/2025/04/01/466367eb7907c6fc7.jpg,2025-09-26T21:18:15+00:00,soop
00040300,더 헌터: 야생의 부름,0,"['FPS', '어드벤처']",https://admin.img.sooplive.co.kr/category_img/2025/04/02/829467ece43cb17ab.jpg,2025-09-26T21:18:15+00:00,soop
00040301,배틀 에이스,0,"['전략', 'RTS']",https://admin.img.sooplive.co.kr/category_img/2025/04/11/923667f86e8c2bd0c.jpg,2025-09-26T21:18:15+00:00,soop
00040302,인투 더 데드: 아워 다키스트 데이즈,0,"['액션', '생존']",https://admin.img.sooplive.co.kr/category_img/2025/04/22/90756806f7ddb80c6.png,2025-09-26T21:18:15+00:00,soop
00040304,클레르 옵스퀴르: 33 원정대,0,"['RPG', '턴제']",https://admin.img.sooplive.co.kr/category_img/2025/05/07/9690681af60c228fe.png,2025-09-26T21:18:15+00:00,soop
00040305,둠: 더 다크 에이지스,0,"['슈팅', 'PC']",https://admin.img.sooplive.co.kr/category_img/2025/05/14/32826823f741a18ab.jpg,2025-09-26T21:18:15+00:00,soop
00040306,월드 오브 워쉽,0,"['해양슈팅', '전략', '액션']",https://admin.img.sooplive.co.kr/category_img/2025/05/20/3577682c0a05299bb.png,2025-09-26T21:18:15+00:00,soop
00040307,당직근무,0,"['공포', 'PC']",https://admin.img.sooplive.co.kr/category_img/2025/05/20/7136682c0ce86b2ec.jpg,2025-09-26T21:18:15+00:00,soop
00040308,젓가락질 개론,0,"['보드', 'PC']",https://admin.img.sooplive.co.kr/category_img/2025/05/20/5671682c0f9f9a911.jpg,2025-09-26T21:18:15+00:00,soop
00040309,테라리아,0,"['액션', '어드벤처', 'RPG']",https://admin.img.sooplive.co.kr/category_img/2025/05/21/3984682d6bba6b82c.png,2025-09-26T21:18:15+00:00,soop
00040310,엘든 링 밤의 통치자,0,"['서바이벌', '액션']",https://admin.img.sooplive.co.kr/category_img/2025/05/22/5191682e8c786b523.jpg,2025-09-26T21:18:15+00:00,soop
00040311,마리오 카트 월드,0,"['레이싱', '액션']",https://admin.img.sooplive.co.kr/category_img/2025/06/05/903368414a0479e47.png,2025-09-26T21:18:15+00:00,soop
00040312,빈딕투스: 디파잉 페이트,0,"['액션', 'RPG']",https://admin.img.sooplive.co.kr/category_img/2025/06/10/53076847cc4a4cc99.png,2025-09-26T21:18:15+00:00,soop
00040313,데스 스트랜딩 2,0,"['오픈월드', '액션', '어드벤쳐']",https://admin.img.sooplive.co.kr/category_img/2025/06/19/93316853a8c916225.png,2025-09-26T21:18:15+00:00,soop
00040314,구스 구스 덕,0,"['생존', '전략', '추리']",https://admin.img.sooplive.co.kr/category_img/2025/06/27/4947685e0000ef552.jpg,2025-09-26T21:18:15+00:00,soop
00040315,백팩 배틀즈,0,"['전략', '오토배틀러']",https://admin.img.sooplive.co.kr/category_img/2025/06/27/1071685e03f42b40a.jpg,2025-09-26T21:18:15+00:00,soop
00040316,메카 브레이크,0,"['팀기반슈팅', '슈팅', '액션']",https://admin.img.sooplive.co.kr/category_img/2025/07/01/49516863890b61b74.png,2025-09-26T21:18:15+00:00,soop
00040317,브로큰 애로우,0,"['RTS', '액션']",https://admin.img.sooplive.co.kr/category_img/2025/07/03/74236866175e5c74b.png,2025-09-26T21:18:15+00:00,soop
00040318,듄: 어웨이크닝,0,"['오픈월드', '생존']",https://admin.img.sooplive.co.kr/category_img/2025/07/03/616368661bd53caaa.png,2025-09-26T21:18:15+00:00,soop
00040319,섀도우버스 월즈 비욘드,0,"['카드', '전략', 'PC']",https://admin.img.sooplive.co.kr/category_img/2025/07/03/334968661e5d35433.png,2025-09-26T21:18:15+00:00,soop
00040320,프린세스 메이커,0,"['육성', '시뮬레이션']",https://admin.img.sooplive.co.kr/category_img/2025/07/04/7376686760953ab32.png,2025-09-26T21:18:15+00:00,soop
00040321,프린세스 메이커 2 리제네레이션,0,"['육성', '시뮬레이션']",https://admin.img.sooplive.co.kr/category_img/2025/07/04/4662686762cccd4b1.png,2025-09-26T21:18:15+00:00,soop
00040322,프린세스 메이커: 예언의 아이들,0,"['육성', '시뮬레이션']",https://admin.img.sooplive.co.kr/category_img/2025/07/04/16236867658c49658.png,2025-09-26T21:18:15+00:00,soop
00040323,판타지 라이프 i 빙글빙글 용과 시간을 훔치는 소녀,0,"['RPG', '캐주얼']",https://admin.img.sooplive.co.kr/category_img/2025/07/08/1183686c846101a04.png,2025-09-26T21:18:15+00:00,soop
00040324,피크,0,"['협동', '인디']",https://admin.img.sooplive.co.kr/category_img/2025/07/08/5573686c8845ece65.png,2025-09-26T21:18:15+00:00,soop
00040325,V 라이징,0,"['오픈월드', '서바이벌']",https://admin.img.sooplive.co.kr/category_img/2025/07/09/6540686df54d9fd3b.png,2025-09-26T21:18:15+00:00,soop
00040326,톰 클랜시의 더 디비전 2,0,"['TPS', 'RPG']",https://admin.img.sooplive.co.kr/category_img/2025/07/09/4482686df87be7394.png,2025-09-26T21:18:15+00:00,soop
00040327,톰 클랜시의 레인보우 식스 시즈 X,0,"['FPS', '전술', '슈팅']",https://admin.img.sooplive.co.kr/category_img/2025/07/09/8331686dfd3c3f96b.png,2025-09-26T21:18:15+00:00,soop
00040328,드래곤 퀘스트 XI: 지나간 시간을 찾아서,0,['JRPG'],https://admin.img.sooplive.co.kr/category_img/2025/07/17/950768788d9ce40b5.png,2025-09-26T21:18:15+00:00,soop
00040329,드래곤 퀘스트 빌더즈 2: 파괴신 시도와 텅 빈 섬,0,"['샌드박스', '액션', 'RPG']",https://admin.img.sooplive.co.kr/category_img/2025/07/17/324168789389f3e36.png,2025-09-26T21:18:15+00:00,soop
00040330,동키콩 바난자,0,"['액션', '어드벤처']",https://admin.img.sooplive.co.kr/category_img/2025/07/21/3510687dcbe1f2b87.png,2025-09-26T21:18:15+00:00,soop
00040331,명말: 공허의 깃털,0,"['소울라이크', '액션', 'RPG']",https://admin.img.sooplive.co.kr/category_img/2025/07/24/92726881989a0d5e3.png,2025-09-26T21:18:15+00:00,soop
00040332,레이싱 마스터,0,['레이싱'],https://admin.img.sooplive.co.kr/category_img/2025/07/28/977068871ac40ef6c.png,2025-09-26T21:18:15+00:00,soop
00040333,마피아: 올드 컨트리,0,['TPS'],https://admin.img.sooplive.co.kr/category_img/2025/08/08/3650689569a320b84.jpg,2025-09-26T21:18:15+00:00,soop
00040334,낙원: LAST PARADISE,0,"['서바이벌', '액션']",https://admin.img.sooplive.co.kr/category_img/2025/08/12/6202689ac653f0025.jpg,2025-09-26T21:18:15+00:00,soop
00040335,데이브 더 다이버,0,"['시뮬레이션', 'ARPG']",https://admin.img.sooplive.co.kr/category_img/2025/08/12/1339689ac90bc4a80.jpg,2025-09-26T21:18:15+00:00,soop
00040336,DNF Duel,0,"['대전', '액션']",https://admin.img.sooplive.co.kr/category_img/2025/08/12/7808689acc9b6ceee.png,2025-09-26T21:18:15+00:00,soop
00040337,마비노기 영웅전,0,"['액션', 'RPG']",https://admin.img.sooplive.co.kr/category_img/2025/08/12/8512689acf205e4e6.jpg,2025-09-26T21:18:15+00:00,soop
00040338,테일즈위버,0,"['액션', 'RPG']",https://admin.img.sooplive.co.kr/category_img/2025/08/12/6507689ad1c92147f.jpg,2025-09-26T21:18:15+00:00,soop
00040339,메탈 기어 솔리드 Δ: 스네이크 이터,0,"['전략', '잠입', '액션']",https://admin.img.sooplive.co.kr/category_img/2025/08/27/190768aebad19c187.png,2025-09-26T21:18:15+00:00,soop
00040340,매드 랩 룰렛,0,"['전략', 'PC']",https://admin.img.sooplive.co.kr/category_img/2025/08/29/104468b13480cdb20.png,2025-09-26T21:18:15+00:00,soop
00040341,로스트 소울 어사이드,0,"['액션', '어드벤처']",https://admin.img.sooplive.co.kr/category_img/2025/08/29/436068b138dc8a7b6.png,2025-09-26T21:18:15+00:00,soop
00040342,할로우 나이트: 실크송,0,"['액션', '어드벤처']",https://admin.img.sooplive.co.kr/category_img/2025/09/03/662068b7d074cdcc9.png,2025-09-26T21:18:15+00:00,soop
00040343,메탈슬러그,0,"['액션', '아케이드']",https://admin.img.sooplive.co.kr/category_img/2025/09/03/841068b7d8ff4e55b.png,2025-09-26T21:18:15+00:00,soop
00040344,2XKO,0,"['격투', '대전', '액션']",https://admin.img.sooplive.co.kr/category_img/2025/09/04/707968b8f6d9b1507.png,2025-09-26T21:18:15+00:00,soop
00040347,발헤임,0,"['오픈월드', '생존']",https://admin.img.sooplive.co.kr/category_img/2025/09/12/258368c3b28c51457.png,2025-09-26T21:18:15+00:00,soop
00040348,바이오하자드 레벌레이션스 2,0,"['서바이벌', '호러']",https://admin.img.sooplive.co.kr/category_img/2025/09/17/673568ca1e2b29211.png,2025-09-26T21:18:15+00:00,soop
00040349,바이오하자드 7 레지던트 이블,0,"['서바이벌', '호러']",https://admin.img.sooplive.co.kr/category_img/2025/09/17/335768ca4480bd224.jpg,2025-09-26T21:18:15+00:00,soop
00040350,바이오하자드 빌리지,0,"['서바이벌', '호러']",https://admin.img.sooplive.co.kr/category_img/2025/09/17/268068ca471bf17a6.png,2025-09-26T21:18:15+00:00,soop
00040351,다잉 라이트: 더 비스트,0,"['오픈월드', '액션']",https://admin.img.sooplive.co.kr/category_img/2025/09/19/309168ccf1ed8567e.jpg,2025-09-26T21:18:15+00:00,soop
00040353,메카벨룸,0,"['액션', '오토배틀러']",https://admin.img.sooplive.co.kr/category_img/2025/09/24/701168d399979ce6d.png,2025-09-26T21:18:15+00:00,soop
00060001,KBL,0,"['KBL', '농구']",https://admin.img.sooplive.co.kr/category_img/2024/10/15/3856670d90c489b5c.jpg,2025-09-26T21:18:15+00:00,soop
00060002,WKBL,0,"['WKBL', '농구']",https://admin.img.sooplive.co.kr/category_img/2024/10/15/5456670d90c592236.jpg,2025-09-26T21:18:15+00:00,soop
00100000,국내프로배구,0,['국내프로배구'],https://admin.img.sooplive.co.kr/category_img/2024/10/29/438067207542c3854.jpg,2025-09-26T21:18:15+00:00,soop
00140001,두산,0,"['두산', '야구']",https://admin.img.sooplive.co.kr/category_img/2024/10/15/8597670d90c9c01d7.jpg,2025-09-26T21:18:15+00:00,soop
00140002,한화,0,"['한화', '야구']",https://admin.img.sooplive.co.kr/category_img/2024/10/15/5863670d90cac7b36.jpg,2025-09-26T21:18:15+00:00,soop
00140003,롯데,0,"['롯데', '야구']",https://admin.img.sooplive.co.kr/category_img/2024/10/15/9149670d90cbd13fc.jpg,2025-09-26T21:18:15+00:00,soop
00140004,키움,0,"['키움', '야구']",https://admin.img.sooplive.co.kr/category_img/2024/10/15/4394670d90ccd9a12.jpg,2025-09-26T21:18:15+00:00,soop
00140005,삼성,0,"['삼성', '야구']",https://admin.img.sooplive.co.kr/category_img/2024/10/15/3793670d90cde25d2.jpg,2025-09-26T21:18:15+00:00,soop
00140006,KIA,0,"['KIA', '야구']",https://admin.img.sooplive.co.kr/category_img/2024/10/15/2898670d90ceea443.jpg,2025-09-26T21:18:15+00:00,soop
00140007,LG,0,"['LG', '야구']",https://admin.img.sooplive.co.kr/category_img/2024/10/15/6191670d90d0009f7.jpg,2025-09-26T21:18:15+00:00,soop
00140008,SSG,0,"['SSG', '야구']",https://admin.img.sooplive.co.kr/category_img/2024/10/15/3376670d90d10a19d.jpg,2025-09-26T21:18:15+00:00,soop
00140009,중립,0,"['중립', '야구']",https://admin.img.sooplive.co.kr/category_img/2024/10/15/2116670d90d212ce3.jpg,2025-09-26T21:18:15+00:00,soop
00140010,NC,0,"['NC', '야구']",https://admin.img.sooplive.co.kr/category_img/2024/10/15/2134670d90d31b28d.jpg,2025-09-26T21:18:15+00:00,soop
00140011,kt,0,"['KT', '야구']",https://admin.img.sooplive.co.kr/category_img/2024/10/15/2881670d90d427f02.jpg,2025-09-26T21:18:15+00:00,soop
00180000,해외프로야구,0,['야구'],https://admin.img.sooplive.co.kr/category_img/2025/06/16/2843684fb52845709.png,2025-09-26T21:18:15+00:00,soop
00270001,국내주식,0,['주식'],https://admin.img.sooplive.co.kr/category_img/2024/10/15/3107670d90d84ba63.jpg,2025-09-26T21:18:15+00:00,soop
00270002,국내선물,0,['선물'],https://admin.img.sooplive.co.kr/category_img/2024/10/15/3315670d90d953dc2.jpg,2025-09-26T21:18:15+00:00,soop
00270003,해외주식,0,['주식'],https://admin.img.sooplive.co.kr/category_img/2024/10/15/5433670d90da5bb06.jpg,2025-09-26T21:18:15+00:00,soop
00270004,해외선물,0,['선물'],https://admin.img.sooplive.co.kr/category_img/2024/10/15/6375670d90db6403d.jpg,2025-09-26T21:18:15+00:00,soop
00270005,부동산,0,['부동산'],https://admin.img.sooplive.co.kr/category_img/2024/10/15/1528670d90dc6bf7a.jpg,2025-09-26T21:18:15+00:00,soop
00270009,파생,0,"['금융', '거래', '주가']",https://admin.img.sooplive.co.kr/category_img/2024/10/15/6878670d90e089a41.png,2025-09-26T21:18:15+00:00,soop
00290002,지식,0,"['교양', '학습']",https://admin.img.sooplive.co.kr/category_img/2024/10/15/2729670d90e2a09e6.png,2025-09-26T21:18:15+00:00,soop
00350004,기타 애니,0,"['애니메이션', '기타']",https://admin.img.sooplive.co.kr/category_img/2024/10/15/2257670d90e9e1639.jpg,2025-09-26T21:18:15+00:00,soop
00350041,나의 히어로 아카데미아,0,"['애니메이션', '만화']",https://admin.img.sooplive.co.kr/category_img/2024/10/15/8763670d90f0309e2.jpg,2025-09-26T21:18:15+00:00,soop
00360012,모두의마블,0,"['모바일게임', '보드게임', '캐주얼']",https://admin.img.sooplive.co.kr/category_img/2024/10/15/4511670d90f76c958.jpg,2025-09-26T21:18:15+00:00,soop
00360018,클래시로얄,0,"['모바일게임', 'RTS ']",https://admin.img.sooplive.co.kr/category_img/2024/10/15/9283670d90f875dd1.jpg,2025-09-26T21:18:15+00:00,soop
00360020,포켓몬 GO,0,"['모바일게임', 'AR']",https://admin.img.sooplive.co.kr/category_img/2024/10/15/8452670d90f981aae.jpg,2025-09-26T21:18:15+00:00,soop
00360028,라그나로크M,0,"['모바일게임', 'MMORPG']",https://admin.img.sooplive.co.kr/category_img/2024/10/15/6613670d90fc9b49b.jpg,2025-09-26T21:18:15+00:00,soop
00360031,배틀그라운드 모바일,0,"['모바일게임', '배틀로얄', '슈팅', 'FPS', '액션', '생존']",https://admin.img.sooplive.co.kr/category_img/2024/10/15/5149670d90feab2ea.jpg,2025-09-26T21:18:15+00:00,soop
00360033,에픽세븐,0,"['모바일게임', 'RPG']",https://admin.img.sooplive.co.kr/category_img/2024/10/15/4048670d90ffb36a6.jpg,2025-09-26T21:18:15+00:00,soop
00360034,오크,0,"['모바일게임', 'MMORPG']",https://admin.img.sooplive.co.kr/category_img/2024/10/15/2567670d9100bdbfa.jpg,2025-09-26T21:18:15+00:00,soop
00360035,십이지천M,0,"['모바일게임', 'RPG']",https://admin.img.sooplive.co.kr/category_img/2024/10/15/3307670d9101c663a.jpg,2025-09-26T21:18:15+00:00,soop
00360037,라이프애프터,0,"['모바일게임', '생존', '오픈월드', 'TPS']",https://admin.img.sooplive.co.kr/category_img/2024/10/15/6188670d9102d2b89.jpg,2025-09-26T21:18:15+00:00,soop
00360038,페이트/그랜드 오더,0,"['모바일게임', 'RPG']",https://admin.img.sooplive.co.kr/category_img/2024/10/15/3320670d9103da722.jpg,2025-09-26T21:18:15+00:00,soop
00360040,프린세스 커넥트 리:다이브,0,"['모바일게임', '시뮬레이션', 'RPG']",https://admin.img.sooplive.co.kr/category_img/2024/10/15/3573670d9104e2559.jpg,2025-09-26T21:18:15+00:00,soop
00360041,다크에덴M,0,"['모바일게임', 'MMORPG', '판타지']",https://admin.img.sooplive.co.kr/category_img/2024/10/15/6112670d9105e9ba2.jpg,2025-09-26T21:18:15+00:00,soop
00360043,블레이드 & 소울 레볼루션,0,"['모바일게임', 'MMORPG']",https://admin.img.sooplive.co.kr/category_img/2024/10/15/3926670d9106f1edd.jpg,2025-09-26T21:18:15+00:00,soop
00360044,클래시 오브 클랜,0,"['모바일게임', 'RTS']",https://admin.img.sooplive.co.kr/category_img/2024/10/15/9970670d910805045.jpg,2025-09-26T21:18:15+00:00,soop
00360046,V4,0,"['모바일게임', 'MMORPG']",https://admin.img.sooplive.co.kr/category_img/2024/10/15/8701670d91090dcd5.jpg,2025-09-26T21:18:15+00:00,soop
00360048,에오스 레드,0,"['모바일게임', 'MMORPG']",https://admin.img.sooplive.co.kr/category_img/2024/10/15/4289670d910a166fe.jpg,2025-09-26T21:18:15+00:00,soop
00360049,엑소스히어로즈,0,"['모바일게임', 'RPG']",https://admin.img.sooplive.co.kr/category_img/2024/10/15/1088670d910b1daa0.jpg,2025-09-26T21:18:15+00:00,soop
00360050,리니지2M,0,"['모바일게임', 'MMORPG']",https://admin.img.sooplive.co.kr/category_img/2024/10/15/8683670d910c261ad.jpg,2025-09-26T21:18:15+00:00,soop
00360052,A3: 스틸얼라이브,0,"['모바일게임', '배틀로얄']",https://admin.img.sooplive.co.kr/category_img/2024/10/15/4633670d910d2d294.jpg,2025-09-26T21:18:15+00:00,soop
00360054,바람의나라: 연,0,"['모바일게임', 'MMORPG']",https://admin.img.sooplive.co.kr/category_img/2024/10/15/7025670d910e34fe1.jpg,2025-09-26T21:18:15+00:00,soop
00360055,카트라이더 러쉬플러스,0,"['모바일게임', '레이싱', '캐주얼']",https://admin.img.sooplive.co.kr/category_img/2024/10/15/3773670d910f3cae7.jpg,2025-09-26T21:18:15+00:00,soop
00360056,리그 오브 레전드: 와일드 리프트,0,"['모바일게임', 'MOBA']",https://admin.img.sooplive.co.kr/category_img/2024/10/15/1523670d911043aec.jpg,2025-09-26T21:18:15+00:00,soop
00360057,미르4,0,"['모바일게임', 'MMORPG']",https://admin.img.sooplive.co.kr/category_img/2024/10/15/7699670d91114b582.jpg,2025-09-26T21:18:15+00:00,soop
00360058,대항해시대 오리진,0,"['모바일게임', '어드벤처']",https://admin.img.sooplive.co.kr/category_img/2024/10/15/6039670d91125349a.jpg,2025-09-26T21:18:15+00:00,soop
00360059,그랑사가,0,"['모바일게임', 'MMORPG']",https://admin.img.sooplive.co.kr/category_img/2024/10/15/9770670d91135aacd.jpg,2025-09-26T21:18:15+00:00,soop
00360060,세븐나이츠2,0,"['모바일게임', 'RPG']",https://admin.img.sooplive.co.kr/category_img/2024/10/15/5431670d911462c4a.jpg,2025-09-26T21:18:15+00:00,soop
00360062,쿠키런,0,"['모바일게임', '러닝액션']",https://admin.img.sooplive.co.kr/category_img/2024/10/15/8818670d91156b76b.jpg,2025-09-26T21:18:15+00:00,soop
00360063,원신,0,"['모바일게임', 'RPG', '어드벤처', 'HoYoverse']",https://admin.img.sooplive.co.kr/category_img/2024/10/15/3843670d9116731cc.jpg,2025-09-26T21:18:15+00:00,soop
00360066,DK모바일,0,"['모바일게임', 'MMORPG']",https://admin.img.sooplive.co.kr/category_img/2024/10/15/3494670d91177b869.jpg,2025-09-26T21:18:15+00:00,soop
00360067,디아블로 이모탈,0,"['모바일게임', 'MMORPG', '판타지']",https://admin.img.sooplive.co.kr/category_img/2024/10/15/6909670d9118833de.png,2025-09-26T21:18:15+00:00,soop
00360068,제2의 나라,0,"['모바일게임', 'RPG', '판타지']",https://admin.img.sooplive.co.kr/category_img/2024/10/15/1250670d91199bf22.png,2025-09-26T21:18:15+00:00,soop
00360070,블레이드 & 소울 2,0,"['모바일게임', 'MMORPG', '어드벤처']",https://admin.img.sooplive.co.kr/category_img/2024/10/15/5829670d911bb342c.jpg,2025-09-26T21:18:15+00:00,soop
00360072,컴투스프로야구2023,0,"['모바일게임', '스포츠게임', '시뮬레이션']",https://admin.img.sooplive.co.kr/category_img/2024/10/15/7002670d911cbb5a7.jpg,2025-09-26T21:18:15+00:00,soop
00360073,리니지W,0,"['모바일게임', 'MMORPG']",https://admin.img.sooplive.co.kr/category_img/2024/10/15/8891670d911dc3684.png,2025-09-26T21:18:15+00:00,soop
00360074,포켓몬 유나이트,0,"['모바일게임', 'MOBA']",https://admin.img.sooplive.co.kr/category_img/2024/10/15/5364670d911ecb7f1.png,2025-09-26T21:18:15+00:00,soop
00360075,언디셈버,0,"['모바일게임', '핵앤슬래시']",https://admin.img.sooplive.co.kr/category_img/2024/10/15/8510670d911fd3d29.png,2025-09-26T21:18:15+00:00,soop
00360076,트라하 인피니티,0,"['모바일게임', 'MMORPG']",https://admin.img.sooplive.co.kr/category_img/2024/10/15/3709670d9120db773.png,2025-09-26T21:18:15+00:00,soop
00360077,던전앤파이터 모바일,0,"['모바일게임', 'MMORPG', '벨트스크롤']",https://admin.img.sooplive.co.kr/category_img/2024/10/15/7003670d9121e307c.png,2025-09-26T21:18:15+00:00,soop
00360078,넷마블 프로야구 2022,0,"['모바일게임', '스포츠게임', '시뮬레이션']",https://admin.img.sooplive.co.kr/category_img/2024/10/15/7335670d9122eb5bc.png,2025-09-26T21:18:15+00:00,soop
00360079,미르M,0,"['모바일게임', 'MMORPG']",https://admin.img.sooplive.co.kr/category_img/2024/10/15/3439670d9123f349c.png,2025-09-26T21:18:15+00:00,soop
00360080,우마무스메 프리티 더비,0,"['모바일게임', '레이싱', '시뮬레이션']",https://admin.img.sooplive.co.kr/category_img/2024/10/15/9941670d9125075e3.png,2025-09-26T21:18:15+00:00,soop
00360081,세븐나이츠 레볼루션,0,"['모바일게임', 'RPG']",https://admin.img.sooplive.co.kr/category_img/2024/10/15/8665670d91260fc59.png,2025-09-26T21:18:15+00:00,soop
00360082,히트2,0,"['모바일게임', 'MMORPG']",https://admin.img.sooplive.co.kr/category_img/2024/10/15/4319670d912718a1c.png,2025-09-26T21:18:15+00:00,soop
00360083,미틱 히어로즈,0,"['모바일게임', 'MMORPG']",https://admin.img.sooplive.co.kr/category_img/2024/10/15/3613670d912820236.png,2025-09-26T21:18:15+00:00,soop
00360084,문명: Reign of Power,0,"['모바일게임', '전략', '시뮬레이션']",https://admin.img.sooplive.co.kr/category_img/2024/10/15/6706670d912928728.png,2025-09-26T21:18:15+00:00,soop
00360085,라그나로크X,0,"['모바일게임', 'MMORPG']",https://admin.img.sooplive.co.kr/category_img/2024/10/15/6923670d912a39a8a.png,2025-09-26T21:18:15+00:00,soop
00360086,디스라이트,0,"['모바일게임', 'RPG']",https://admin.img.sooplive.co.kr/category_img/2024/10/15/3318670d912b422c8.png,2025-09-26T21:18:15+00:00,soop
00360087,AFK아레나,0,"['모바일게임', 'RPG']",https://admin.img.sooplive.co.kr/category_img/2024/10/15/6559670d912c4a9fb.png,2025-09-26T21:18:15+00:00,soop
00360088,나이트 크로우,0,"['모바일게임', 'MMORPG']",https://admin.img.sooplive.co.kr/category_img/2024/10/15/4123670d912d527c2.png,2025-09-26T21:18:15+00:00,soop
00360089,아레스: 라이즈 오브 가디언즈,0,"['모바일게임', 'RPG']",https://admin.img.sooplive.co.kr/category_img/2024/10/15/3795670d912e59c8b.png,2025-09-26T21:18:15+00:00,soop
00360090,디펜스 더비,0,"['모바일게임', '전략', '디펜스']",https://admin.img.sooplive.co.kr/category_img/2024/10/15/6368670d912f6137e.png,2025-09-26T21:18:15+00:00,soop
00360091,진·삼국무쌍 M,0,['모바일게임'],https://admin.img.sooplive.co.kr/category_img/2024/10/15/4246670d9130690cb.png,2025-09-26T21:18:15+00:00,soop
00360092,승리의 여신: 니케,0,"['모바일게임', '슈팅', 'TPS', 'RPG']",https://admin.img.sooplive.co.kr/category_img/2024/10/15/1220670d91317019b.png,2025-09-26T21:18:15+00:00,soop
00360093,블루 아카이브,0,"['모바일게임', 'RPG']",https://admin.img.sooplive.co.kr/category_img/2024/10/15/6331670d913277ed8.png,2025-09-26T21:18:15+00:00,soop
00360094,붕괴: 스타레일,0,"['모바일게임', 'RPG', 'HoYoverse']",https://admin.img.sooplive.co.kr/category_img/2024/10/15/9991670d91338043c.png,2025-09-26T21:18:15+00:00,soop
00360095,나 혼자만 레벨업:ARISE,0,"['모바일게임', '액션', 'RPG']",https://admin.img.sooplive.co.kr/category_img/2024/10/15/8623670d913488df9.png,2025-09-26T21:18:15+00:00,soop
00360096,롬: 리멤버 오브 마제스티,0,"['모바일게임', 'MMORPG']",https://admin.img.sooplive.co.kr/category_img/2024/10/15/1143670d913590db0.png,2025-09-26T21:18:15+00:00,soop
00360097,아스달 연대기: 세 개의 세력,0,"['모바일게임', 'MMORPG', '액션']",https://admin.img.sooplive.co.kr/category_img/2024/10/15/3552670d91369a652.png,2025-09-26T21:18:15+00:00,soop
00360098,서머너즈 워: 천공의 아레나,0,"['모바일게임', 'RPG', '전략']",https://admin.img.sooplive.co.kr/category_img/2024/10/15/4872670d9137a256e.png,2025-09-26T21:18:15+00:00,soop
00360099,레이븐2,0,"['모바일게임', 'MMORPG']",https://admin.img.sooplive.co.kr/category_img/2024/10/15/3819670d9138ae176.png,2025-09-26T21:18:15+00:00,soop
00360100,명조: 워더링 웨이브,0,"['모바일게임', 'RPG', '오픈월드']",https://admin.img.sooplive.co.kr/category_img/2024/10/15/8945670d9139b678b.png,2025-09-26T21:18:15+00:00,soop
00360101,로드나인,0,"['모바일게임', 'MMORPG']",https://admin.img.sooplive.co.kr/category_img/2024/10/15/5369670d913abedf2.png,2025-09-26T21:18:15+00:00,soop
00360103,콜 오브 듀티: 모바일,0,['액션'],https://admin.img.sooplive.co.kr/category_img/2024/10/15/3436670d913ccf4f3.jpg,2025-09-26T21:18:15+00:00,soop
00360104,에이지 오브 엠파이어 모바일,0,"['모바일게임', '전략']",https://admin.img.sooplive.co.kr/category_img/2024/10/18/11726711ec55f36ec.jpeg,2025-09-26T21:18:15+00:00,soop
00360105,포켓몬 카드 게임 Pocket,0,"['모바일게임', 'TCG']",https://admin.img.sooplive.co.kr/category_img/2024/11/13/9236673459ed1744f.jpg,2025-09-26T21:18:15+00:00,soop
00360106,지천,0,"['MMORPG', '모바일']",https://admin.img.sooplive.co.kr/category_img/2024/12/04/1127674ff8ff05043.png,2025-09-26T21:18:15+00:00,soop
00360107,명일방주,0,"['모바일게임', '전략']",https://admin.img.sooplive.co.kr/category_img/2025/01/16/11376788ac97aea38.jpg,2025-09-26T21:18:15+00:00,soop
00360108,발할라 서바이벌,0,"['무한파밍', '핵앤슬래시RPG', '다크판타지', '고퀄리티로그라이크', '모바일게임']",https://admin.img.sooplive.co.kr/category_img/2025/01/24/5339679321dcb78dd.jpg,2025-09-26T21:18:15+00:00,soop
00360109,레이튼 교수와 이상한 마을 HD,0,"['어드벤처', '판타지', '모바일']",https://admin.img.sooplive.co.kr/category_img/2025/02/10/913367a98549ba25b.jpg,2025-09-26T21:18:15+00:00,soop
00360110,레이튼 교수와 악마의 상자 HD,0,"['어드벤처', '판타지', '모바일']",https://admin.img.sooplive.co.kr/category_img/2025/02/10/367967a987e74913d.jpg,2025-09-26T21:18:15+00:00,soop
00360111,레전드 오브 이미르,0,"['MMORPG', '액션', '모바일']",https://admin.img.sooplive.co.kr/category_img/2025/02/21/812567b7e329d7238.jpg,2025-09-26T21:18:15+00:00,soop
00360114,컴투스프로야구V25,0,"['스포츠', '모바일']",https://admin.img.sooplive.co.kr/category_img/2025/04/09/533367f6250ecf4fa.png,2025-09-26T21:18:15+00:00,soop
00360115,쿠키런: 오븐스매시,0,"['배틀', '액션', '모바일']",https://admin.img.sooplive.co.kr/category_img/2025/04/25/9210680b163a5ce93.png,2025-09-26T21:18:15+00:00,soop
00360117,세븐나이츠 리버스,0,"['RPG', '모바일']",https://admin.img.sooplive.co.kr/category_img/2025/05/15/845868259f4c15ece.jpg,2025-09-26T21:18:15+00:00,soop
00360118,제5인격,0,"['서바이벌', '모바일']",https://admin.img.sooplive.co.kr/category_img/2025/05/21/4113682d6eb587f2d.jpg,2025-09-26T21:18:15+00:00,soop
00360119,EA SPORTS FC 모바일,0,"['스포츠', '모바일']",https://admin.img.sooplive.co.kr/category_img/2025/08/12/3567689ad4c385b29.png,2025-09-26T21:18:15+00:00,soop
00360120,메이플스토리M,0,"['MMORPG', '모바일']",https://admin.img.sooplive.co.kr/category_img/2025/08/12/1285689ad7ceacc2c.jpg,2025-09-26T21:18:15+00:00,soop
00360121,뱀피르,0,"['MMORPG', '뱀파이어']",https://admin.img.sooplive.co.kr/category_img/2025/08/20/324568a5586865f24.jpg,2025-09-26T21:18:15+00:00,soop
00360122,아키텍트,0,"['MMORPG', '크로스플랫폼']",https://admin.img.sooplive.co.kr/category_img/2025/09/15/417568c7adb6421b3.jpg,2025-09-26T21:18:15+00:00,soop
00360123,로스트아크 모바일,0,['MMORPG'],https://admin.img.sooplive.co.kr/category_img/2025/09/26/733268d61a0843128.png,2025-09-26T21:18:15+00:00,soop
00370010,챔피언스리그,0,"['챔피언스리그', '축구']",https://admin.img.sooplive.co.kr/category_img/2024/10/15/9127670d913ee2874.jpg,2025-09-26T21:18:15+00:00,soop
00370011,프리미어리그,0,"['프리미어리그', '축구']",https://admin.img.sooplive.co.kr/category_img/2024/10/15/4284670d913fea5c0.jpg,2025-09-26T21:18:15+00:00,soop
00410000,전국체전,0,"['전국체전', '전국체육대회', '대한체육회', '장애인체전', '전국장애인체전']",https://admin.img.sooplive.co.kr/category_img/2025/09/25/321868d4f218932ed.png,2025-09-26T21:18:15+00:00,soop
00570003,피트니스,0,"['헬스', '운동', '요가', '필라']",https://admin.img.sooplive.co.kr/category_img/2024/10/15/4674670d914a5e9db.jpg,2025-09-26T21:18:15+00:00,soop
00570006,볼링,0,['볼링'],https://admin.img.sooplive.co.kr/category_img/2024/10/15/3466670d914d78a2a.jpg,2025-09-26T21:18:15+00:00,soop
00570014,럭비,0,['럭비'],https://admin.img.sooplive.co.kr/category_img/2025/08/07/62516894653a43a4b.jpg,2025-09-26T21:18:15+00:00,soop
00570015,라크로스,0,"['라크로스', 'LACROSSE']",https://admin.img.sooplive.co.kr/category_img/2025/08/07/68556894665e9cb4f.png,2025-09-26T21:18:15+00:00,soop
00570016,스쿼시,0,"['스쿼시', 'SQUASH']",https://admin.img.sooplive.co.kr/category_img/2025/08/07/21656894677e20ce7.png,2025-09-26T21:18:15+00:00,soop
00570017,배드민턴,0,['배드민턴'],https://admin.img.sooplive.co.kr/category_img/2025/08/08/718468958ddd32126.jpg,2025-09-26T21:18:15+00:00,soop
00570019,수영,0,"['수영', 'SWIMMING']",https://admin.img.sooplive.co.kr/category_img/2025/09/03/227968b7c8995a77e.png,2025-09-26T21:18:15+00:00,soop
00570020,플래그풋볼,0,['플래그풋볼'],https://admin.img.sooplive.co.kr/category_img/2025/09/17/805468ca4e3178831.jpg,2025-09-26T21:18:15+00:00,soop
00840001,아마 야구,0,"['야구', '유소년', '아마']",https://admin.img.sooplive.co.kr/category_img/2024/10/15/4664670d915e101af.jpg,2025-09-26T21:18:15+00:00,soop
00840002,아마 축구,0,"['축구', '유소년', '아마']",https://admin.img.sooplive.co.kr/category_img/2024/10/15/8711670d915f18353.jpg,2025-09-26T21:18:15+00:00,soop
00840003,아마 배구,0,"['배구', '유소년', '아마']",https://admin.img.sooplive.co.kr/category_img/2024/10/15/3596670d91602083e.jpg,2025-09-26T21:18:15+00:00,soop
00840004,아마 농구,0,"['농구', '유소년', '아마']",https://admin.img.sooplive.co.kr/category_img/2024/10/15/5787670d916128fde.jpg,2025-09-26T21:18:15+00:00,soop
00880000,SOOPER LEAGUE,0,['SOOPERLEAGUE'],https://admin.img.sooplive.co.kr/category_img/2024/10/15/3303670d916232e49.jpg,2025-09-26T21:18:15+00:00,soop
00980000,모터스포츠,0,"['모터스포츠', 'MOTORSPORTS']",https://admin.img.sooplive.co.kr/category_img/2025/04/09/131067f60df0958e7.png,2025-09-26T21:18:15+00:00,soop
